instance,m,rho,position,aircraft_j
airland10,2,1,1,5
airland10,2,1,2,1
airland10,2,1,3,7
airland10,2,1,4,4
airland10,2,1,5,9
airland10,2,1,6,11
airland10,2,1,7,12
airland10,2,1,8,14
airland10,2,1,9,13
airland10,2,1,10,17
airland10,2,1,11,19
airland10,2,1,12,20
airland10,2,1,13,25
airland10,2,1,14,27
airland10,2,1,15,26
airland10,2,1,16,32
airland10,2,1,17,31
airland10,2,1,18,35
airland10,2,1,19,34
airland10,2,1,20,38
airland10,2,1,21,39
airland10,2,1,22,41
airland10,2,1,23,44
airland10,2,1,24,47
airland10,2,1,25,48
airland10,2,1,26,52
airland10,2,1,27,56
airland10,2,1,28,63
airland10,2,1,29,65
airland10,2,1,30,59
airland10,2,1,31,67
airland10,2,1,32,64
airland10,2,1,33,68
airland10,2,1,34,66
airland10,2,1,35,77
airland10,2,1,36,75
airland10,2,1,37,74
airland10,2,1,38,79
airland10,2,1,39,81
airland10,2,1,40,83
airland10,2,1,41,84
airland10,2,1,42,85
airland10,2,1,43,87
airland10,2,1,44,94
airland10,2,1,45,93
airland10,2,1,46,95
airland10,2,1,47,98
airland10,2,1,48,99
airland10,2,1,49,103
airland10,2,1,50,105
airland10,2,1,51,107
airland10,2,1,52,106
airland10,2,1,53,113
airland10,2,1,54,116
airland10,2,1,55,114
airland10,2,1,56,115
airland10,2,1,57,119
airland10,2,1,58,118
airland10,2,1,59,123
airland10,2,1,60,124
airland10,2,1,61,126
airland10,2,1,62,128
airland10,2,1,63,131
airland10,2,1,64,130
airland10,2,1,65,137
airland10,2,1,66,135
airland10,2,1,67,136
airland10,2,1,68,141
airland10,2,1,69,142
airland10,2,1,70,143
airland10,2,1,71,146
airland10,2,1,72,149
airland10,2,2,1,2
airland10,2,2,2,0
airland10,2,2,3,3
airland10,2,2,4,8
airland10,2,2,5,6
airland10,2,2,6,10
airland10,2,2,7,15
airland10,2,2,8,16
airland10,2,2,9,18
airland10,2,2,10,23
airland10,2,2,11,21
airland10,2,2,12,22
airland10,2,2,13,24
airland10,2,2,14,29
airland10,2,2,15,28
airland10,2,2,16,30
airland10,2,2,17,33
airland10,2,2,18,36
airland10,2,2,19,37
airland10,2,2,20,40
airland10,2,2,21,42
airland10,2,2,22,43
airland10,2,2,23,45
airland10,2,2,24,46
airland10,2,2,25,50
airland10,2,2,26,51
airland10,2,2,27,49
airland10,2,2,28,53
airland10,2,2,29,54
airland10,2,2,30,55
airland10,2,2,31,58
airland10,2,2,32,62
airland10,2,2,33,57
airland10,2,2,34,60
airland10,2,2,35,61
airland10,2,2,36,69
airland10,2,2,37,71
airland10,2,2,38,72
airland10,2,2,39,70
airland10,2,2,40,78
airland10,2,2,41,73
airland10,2,2,42,76
airland10,2,2,43,80
airland10,2,2,44,82
airland10,2,2,45,86
airland10,2,2,46,88
airland10,2,2,47,89
airland10,2,2,48,90
airland10,2,2,49,91
airland10,2,2,50,92
airland10,2,2,51,97
airland10,2,2,52,96
airland10,2,2,53,102
airland10,2,2,54,100
airland10,2,2,55,101
airland10,2,2,56,104
airland10,2,2,57,108
airland10,2,2,58,109
airland10,2,2,59,110
airland10,2,2,60,111
airland10,2,2,61,112
airland10,2,2,62,121
airland10,2,2,63,117
airland10,2,2,64,120
airland10,2,2,65,122
airland10,2,2,66,125
airland10,2,2,67,127
airland10,2,2,68,132
airland10,2,2,69,129
airland10,2,2,70,133
airland10,2,2,71,134
airland10,2,2,72,138
airland10,2,2,73,139
airland10,2,2,74,140
airland10,2,2,75,144
airland10,2,2,76,145
airland10,2,2,77,147
airland10,2,2,78,148
airland11,2,1,1,2
airland11,2,1,2,4
airland11,2,1,3,1
airland11,2,1,4,10
airland11,2,1,5,6
airland11,2,1,6,14
airland11,2,1,7,16
airland11,2,1,8,17
airland11,2,1,9,20
airland11,2,1,10,19
airland11,2,1,11,27
airland11,2,1,12,26
airland11,2,1,13,29
airland11,2,1,14,32
airland11,2,1,15,37
airland11,2,1,16,35
airland11,2,1,17,38
airland11,2,1,18,39
airland11,2,1,19,41
airland11,2,1,20,44
airland11,2,1,21,45
airland11,2,1,22,47
airland11,2,1,23,49
airland11,2,1,24,51
airland11,2,1,25,54
airland11,2,1,26,55
airland11,2,1,27,57
airland11,2,1,28,62
airland11,2,1,29,58
airland11,2,1,30,63
airland11,2,1,31,64
airland11,2,1,32,67
airland11,2,1,33,68
airland11,2,1,34,66
airland11,2,1,35,71
airland11,2,1,36,70
airland11,2,1,37,72
airland11,2,1,38,74
airland11,2,1,39,79
airland11,2,1,40,78
airland11,2,1,41,81
airland11,2,1,42,83
airland11,2,1,43,85
airland11,2,1,44,84
airland11,2,1,45,86
airland11,2,1,46,91
airland11,2,1,47,94
airland11,2,1,48,93
airland11,2,1,49,92
airland11,2,1,50,96
airland11,2,1,51,99
airland11,2,1,52,102
airland11,2,1,53,103
airland11,2,1,54,104
airland11,2,1,55,109
airland11,2,1,56,108
airland11,2,1,57,111
airland11,2,1,58,113
airland11,2,1,59,116
airland11,2,1,60,117
airland11,2,1,61,124
airland11,2,1,62,120
airland11,2,1,63,122
airland11,2,1,64,127
airland11,2,1,65,126
airland11,2,1,66,128
airland11,2,1,67,133
airland11,2,1,68,130
airland11,2,1,69,136
airland11,2,1,70,139
airland11,2,1,71,138
airland11,2,1,72,140
airland11,2,1,73,144
airland11,2,1,74,143
airland11,2,1,75,152
airland11,2,1,76,148
airland11,2,1,77,149
airland11,2,1,78,153
airland11,2,1,79,156
airland11,2,1,80,155
airland11,2,1,81,161
airland11,2,1,82,160
airland11,2,1,83,168
airland11,2,1,84,166
airland11,2,1,85,167
airland11,2,1,86,171
airland11,2,1,87,174
airland11,2,1,88,177
airland11,2,1,89,178
airland11,2,1,90,183
airland11,2,1,91,179
airland11,2,1,92,184
airland11,2,1,93,182
airland11,2,1,94,185
airland11,2,1,95,191
airland11,2,1,96,192
airland11,2,1,97,195
airland11,2,1,98,197
airland11,2,1,99,198
airland11,2,2,1,0
airland11,2,2,2,7
airland11,2,2,3,3
airland11,2,2,4,5
airland11,2,2,5,9
airland11,2,2,6,8
airland11,2,2,7,11
airland11,2,2,8,12
airland11,2,2,9,13
airland11,2,2,10,18
airland11,2,2,11,15
airland11,2,2,12,22
airland11,2,2,13,21
airland11,2,2,14,23
airland11,2,2,15,24
airland11,2,2,16,28
airland11,2,2,17,30
airland11,2,2,18,25
airland11,2,2,19,31
airland11,2,2,20,33
airland11,2,2,21,36
airland11,2,2,22,34
airland11,2,2,23,42
airland11,2,2,24,43
airland11,2,2,25,40
airland11,2,2,26,46
airland11,2,2,27,48
airland11,2,2,28,50
airland11,2,2,29,52
airland11,2,2,30,53
airland11,2,2,31,56
airland11,2,2,32,60
airland11,2,2,33,59
airland11,2,2,34,61
airland11,2,2,35,65
airland11,2,2,36,69
airland11,2,2,37,73
airland11,2,2,38,76
airland11,2,2,39,75
airland11,2,2,40,80
airland11,2,2,41,77
airland11,2,2,42,82
airland11,2,2,43,87
airland11,2,2,44,90
airland11,2,2,45,88
airland11,2,2,46,89
airland11,2,2,47,97
airland11,2,2,48,95
airland11,2,2,49,98
airland11,2,2,50,100
airland11,2,2,51,101
airland11,2,2,52,105
airland11,2,2,53,106
airland11,2,2,54,107
airland11,2,2,55,110
airland11,2,2,56,112
airland11,2,2,57,114
airland11,2,2,58,115
airland11,2,2,59,118
airland11,2,2,60,119
airland11,2,2,61,121
airland11,2,2,62,123
airland11,2,2,63,125
airland11,2,2,64,129
airland11,2,2,65,131
airland11,2,2,66,132
airland11,2,2,67,134
airland11,2,2,68,135
airland11,2,2,69,137
airland11,2,2,70,141
airland11,2,2,71,142
airland11,2,2,72,145
airland11,2,2,73,150
airland11,2,2,74,146
airland11,2,2,75,147
airland11,2,2,76,151
airland11,2,2,77,154
airland11,2,2,78,158
airland11,2,2,79,157
airland11,2,2,80,159
airland11,2,2,81,163
airland11,2,2,82,162
airland11,2,2,83,165
airland11,2,2,84,164
airland11,2,2,85,169
airland11,2,2,86,170
airland11,2,2,87,172
airland11,2,2,88,173
airland11,2,2,89,175
airland11,2,2,90,176
airland11,2,2,91,181
airland11,2,2,92,180
airland11,2,2,93,187
airland11,2,2,94,186
airland11,2,2,95,188
airland11,2,2,96,190
airland11,2,2,97,189
airland11,2,2,98,193
airland11,2,2,99,194
airland11,2,2,100,196
airland11,2,2,101,199
airland12,2,1,1,0
airland12,2,1,2,3
airland12,2,1,3,4
airland12,2,1,4,7
airland12,2,1,5,9
airland12,2,1,6,11
airland12,2,1,7,14
airland12,2,1,8,17
airland12,2,1,9,15
airland12,2,1,10,21
airland12,2,1,11,19
airland12,2,1,12,24
airland12,2,1,13,25
airland12,2,1,14,27
airland12,2,1,15,30
airland12,2,1,16,32
airland12,2,1,17,33
airland12,2,1,18,34
airland12,2,1,19,38
airland12,2,1,20,42
airland12,2,1,21,44
airland12,2,1,22,41
airland12,2,1,23,46
airland12,2,1,24,49
airland12,2,1,25,45
airland12,2,1,26,52
airland12,2,1,27,53
airland12,2,1,28,54
airland12,2,1,29,56
airland12,2,1,30,58
airland12,2,1,31,61
airland12,2,1,32,64
airland12,2,1,33,63
airland12,2,1,34,66
airland12,2,1,35,70
airland12,2,1,36,72
airland12,2,1,37,76
airland12,2,1,38,73
airland12,2,1,39,78
airland12,2,1,40,75
airland12,2,1,41,79
airland12,2,1,42,82
airland12,2,1,43,81
airland12,2,1,44,86
airland12,2,1,45,85
airland12,2,1,46,88
airland12,2,1,47,90
airland12,2,1,48,93
airland12,2,1,49,98
airland12,2,1,50,94
airland12,2,1,51,97
airland12,2,1,52,95
airland12,2,1,53,102
airland12,2,1,54,103
airland12,2,1,55,106
airland12,2,1,56,105
airland12,2,1,57,108
airland12,2,1,58,110
airland12,2,1,59,111
airland12,2,1,60,117
airland12,2,1,61,119
airland12,2,1,62,121
airland12,2,1,63,123
airland12,2,1,64,125
airland12,2,1,65,124
airland12,2,1,66,131
airland12,2,1,67,128
airland12,2,1,68,129
airland12,2,1,69,134
airland12,2,1,70,136
airland12,2,1,71,141
airland12,2,1,72,137
airland12,2,1,73,144
airland12,2,1,74,147
airland12,2,1,75,150
airland12,2,1,76,153
airland12,2,1,77,157
airland12,2,1,78,160
airland12,2,1,79,158
airland12,2,1,80,163
airland12,2,1,81,162
airland12,2,1,82,171
airland12,2,1,83,166
airland12,2,1,84,170
airland12,2,1,85,173
airland12,2,1,86,175
airland12,2,1,87,178
airland12,2,1,88,179
airland12,2,1,89,181
airland12,2,1,90,180
airland12,2,1,91,185
airland12,2,1,92,186
airland12,2,1,93,191
airland12,2,1,94,193
airland12,2,1,95,190
airland12,2,1,96,196
airland12,2,1,97,199
airland12,2,1,98,200
airland12,2,1,99,201
airland12,2,1,100,205
airland12,2,1,101,204
airland12,2,1,102,208
airland12,2,1,103,209
airland12,2,1,104,210
airland12,2,1,105,212
airland12,2,1,106,213
airland12,2,1,107,215
airland12,2,1,108,217
airland12,2,1,109,219
airland12,2,1,110,220
airland12,2,1,111,224
airland12,2,1,112,225
airland12,2,1,113,222
airland12,2,1,114,229
airland12,2,1,115,235
airland12,2,1,116,237
airland12,2,1,117,231
airland12,2,1,118,230
airland12,2,1,119,238
airland12,2,1,120,239
airland12,2,1,121,246
airland12,2,1,122,242
airland12,2,1,123,244
airland12,2,1,124,245
airland12,2,1,125,249
airland12,2,2,1,1
airland12,2,2,2,2
airland12,2,2,3,5
airland12,2,2,4,6
airland12,2,2,5,8
airland12,2,2,6,10
airland12,2,2,7,12
airland12,2,2,8,13
airland12,2,2,9,16
airland12,2,2,10,18
airland12,2,2,11,20
airland12,2,2,12,23
airland12,2,2,13,22
airland12,2,2,14,26
airland12,2,2,15,28
airland12,2,2,16,29
airland12,2,2,17,31
airland12,2,2,18,36
airland12,2,2,19,35
airland12,2,2,20,40
airland12,2,2,21,37
airland12,2,2,22,39
airland12,2,2,23,43
airland12,2,2,24,51
airland12,2,2,25,50
airland12,2,2,26,48
airland12,2,2,27,47
airland12,2,2,28,57
airland12,2,2,29,55
airland12,2,2,30,59
airland12,2,2,31,60
airland12,2,2,32,62
airland12,2,2,33,67
airland12,2,2,34,65
airland12,2,2,35,69
airland12,2,2,36,68
airland12,2,2,37,71
airland12,2,2,38,74
airland12,2,2,39,77
airland12,2,2,40,80
airland12,2,2,41,83
airland12,2,2,42,87
airland12,2,2,43,84
airland12,2,2,44,91
airland12,2,2,45,89
airland12,2,2,46,96
airland12,2,2,47,92
airland12,2,2,48,100
airland12,2,2,49,99
airland12,2,2,50,101
airland12,2,2,51,107
airland12,2,2,52,104
airland12,2,2,53,109
airland12,2,2,54,113
airland12,2,2,55,115
airland12,2,2,56,112
airland12,2,2,57,114
airland12,2,2,58,116
airland12,2,2,59,118
airland12,2,2,60,120
airland12,2,2,61,122
airland12,2,2,62,127
airland12,2,2,63,126
airland12,2,2,64,130
airland12,2,2,65,132
airland12,2,2,66,135
airland12,2,2,67,133
airland12,2,2,68,138
airland12,2,2,69,139
airland12,2,2,70,140
airland12,2,2,71,143
airland12,2,2,72,146
airland12,2,2,73,142
airland12,2,2,74,145
airland12,2,2,75,148
airland12,2,2,76,149
airland12,2,2,77,151
airland12,2,2,78,154
airland12,2,2,79,152
airland12,2,2,80,155
airland12,2,2,81,156
airland12,2,2,82,159
airland12,2,2,83,161
airland12,2,2,84,167
airland12,2,2,85,165
airland12,2,2,86,164
airland12,2,2,87,169
airland12,2,2,88,168
airland12,2,2,89,172
airland12,2,2,90,174
airland12,2,2,91,176
airland12,2,2,92,177
airland12,2,2,93,183
airland12,2,2,94,182
airland12,2,2,95,184
airland12,2,2,96,187
airland12,2,2,97,189
airland12,2,2,98,188
airland12,2,2,99,195
airland12,2,2,100,192
airland12,2,2,101,194
airland12,2,2,102,197
airland12,2,2,103,198
airland12,2,2,104,203
airland12,2,2,105,202
airland12,2,2,106,206
airland12,2,2,107,207
airland12,2,2,108,211
airland12,2,2,109,214
airland12,2,2,110,216
airland12,2,2,111,218
airland12,2,2,112,221
airland12,2,2,113,223
airland12,2,2,114,228
airland12,2,2,115,227
airland12,2,2,116,232
airland12,2,2,117,226
airland12,2,2,118,236
airland12,2,2,119,234
airland12,2,2,120,233
airland12,2,2,121,240
airland12,2,2,122,243
airland12,2,2,123,241
airland12,2,2,124,248
airland12,2,2,125,247
airland12,3,1,1,5
airland12,3,1,2,6
airland12,3,1,3,9
airland12,3,1,4,12
airland12,3,1,5,16
airland12,3,1,6,21
airland12,3,1,7,20
airland12,3,1,8,24
airland12,3,1,9,25
airland12,3,1,10,27
airland12,3,1,11,30
airland12,3,1,12,31
airland12,3,1,13,37
airland12,3,1,14,44
airland12,3,1,15,41
airland12,3,1,16,46
airland12,3,1,17,45
airland12,3,1,18,53
airland12,3,1,19,54
airland12,3,1,20,55
airland12,3,1,21,59
airland12,3,1,22,61
airland12,3,1,23,62
airland12,3,1,24,64
airland12,3,1,25,67
airland12,3,1,26,65
airland12,3,1,27,66
airland12,3,1,28,72
airland12,3,1,29,73
airland12,3,1,30,86
airland12,3,1,31,89
airland12,3,1,32,92
airland12,3,1,33,95
airland12,3,1,34,102
airland12,3,1,35,108
airland12,3,1,36,111
airland12,3,1,37,114
airland12,3,1,38,116
airland12,3,1,39,118
airland12,3,1,40,119
airland12,3,1,41,122
airland12,3,1,42,124
airland12,3,1,43,135
airland12,3,1,44,133
airland12,3,1,45,136
airland12,3,1,46,146
airland12,3,1,47,147
airland12,3,1,48,150
airland12,3,1,49,152
airland12,3,1,50,155
airland12,3,1,51,157
airland12,3,1,52,160
airland12,3,1,53,163
airland12,3,1,54,167
airland12,3,1,55,171
airland12,3,1,56,170
airland12,3,1,57,174
airland12,3,1,58,178
airland12,3,1,59,179
airland12,3,1,60,183
airland12,3,1,61,186
airland12,3,1,62,187
airland12,3,1,63,195
airland12,3,1,64,192
airland12,3,1,65,196
airland12,3,1,66,203
airland12,3,1,67,201
airland12,3,1,68,205
airland12,3,1,69,206
airland12,3,1,70,207
airland12,3,1,71,215
airland12,3,1,72,220
airland12,3,1,73,221
airland12,3,1,74,223
airland12,3,1,75,227
airland12,3,1,76,232
airland12,3,1,77,237
airland12,3,1,78,234
airland12,3,1,79,238
airland12,3,1,80,239
airland12,3,1,81,242
airland12,3,1,82,248
airland12,3,2,1,1
airland12,3,2,2,3
airland12,3,2,3,4
airland12,3,2,4,11
airland12,3,2,5,14
airland12,3,2,6,15
airland12,3,2,7,19
airland12,3,2,8,23
airland12,3,2,9,26
airland12,3,2,10,28
airland12,3,2,11,29
airland12,3,2,12,35
airland12,3,2,13,40
airland12,3,2,14,39
airland12,3,2,15,49
airland12,3,2,16,50
airland12,3,2,17,52
airland12,3,2,18,56
airland12,3,2,19,69
airland12,3,2,20,70
airland12,3,2,21,71
airland12,3,2,22,76
airland12,3,2,23,77
airland12,3,2,24,82
airland12,3,2,25,83
airland12,3,2,26,81
airland12,3,2,27,84
airland12,3,2,28,91
airland12,3,2,29,93
airland12,3,2,30,94
airland12,3,2,31,97
airland12,3,2,32,103
airland12,3,2,33,107
airland12,3,2,34,105
airland12,3,2,35,109
airland12,3,2,36,110
airland12,3,2,37,112
airland12,3,2,38,117
airland12,3,2,39,120
airland12,3,2,40,123
airland12,3,2,41,125
airland12,3,2,42,131
airland12,3,2,43,132
airland12,3,2,44,129
airland12,3,2,45,134
airland12,3,2,46,139
airland12,3,2,47,140
airland12,3,2,48,137
airland12,3,2,49,142
airland12,3,2,50,145
airland12,3,2,51,148
airland12,3,2,52,151
airland12,3,2,53,153
airland12,3,2,54,158
airland12,3,2,55,165
airland12,3,2,56,169
airland12,3,2,57,166
airland12,3,2,58,173
airland12,3,2,59,176
airland12,3,2,60,181
airland12,3,2,61,182
airland12,3,2,62,185
airland12,3,2,63,188
airland12,3,2,64,193
airland12,3,2,65,194
airland12,3,2,66,198
airland12,3,2,67,199
airland12,3,2,68,200
airland12,3,2,69,209
airland12,3,2,70,210
airland12,3,2,71,212
airland12,3,2,72,214
airland12,3,2,73,217
airland12,3,2,74,219
airland12,3,2,75,225
airland12,3,2,76,222
airland12,3,2,77,229
airland12,3,2,78,226
airland12,3,2,79,236
airland12,3,2,80,233
airland12,3,2,81,243
airland12,3,2,82,244
airland12,3,2,83,249
airland12,3,3,1,0
airland12,3,3,2,2
airland12,3,3,3,7
airland12,3,3,4,8
airland12,3,3,5,10
airland12,3,3,6,13
airland12,3,3,7,17
airland12,3,3,8,18
airland12,3,3,9,22
airland12,3,3,10,32
airland12,3,3,11,33
airland12,3,3,12,36
airland12,3,3,13,34
airland12,3,3,14,38
airland12,3,3,15,42
airland12,3,3,16,43
airland12,3,3,17,51
airland12,3,3,18,48
airland12,3,3,19,47
airland12,3,3,20,57
airland12,3,3,21,58
airland12,3,3,22,60
airland12,3,3,23,63
airland12,3,3,24,68
airland12,3,3,25,74
airland12,3,3,26,78
airland12,3,3,27,75
airland12,3,3,28,79
airland12,3,3,29,80
airland12,3,3,30,87
airland12,3,3,31,85
airland12,3,3,32,88
airland12,3,3,33,90
airland12,3,3,34,96
airland12,3,3,35,98
airland12,3,3,36,100
airland12,3,3,37,99
airland12,3,3,38,101
airland12,3,3,39,106
airland12,3,3,40,104
airland12,3,3,41,113
airland12,3,3,42,115
airland12,3,3,43,121
airland12,3,3,44,127
airland12,3,3,45,126
airland12,3,3,46,130
airland12,3,3,47,128
airland12,3,3,48,138
airland12,3,3,49,141
airland12,3,3,50,143
airland12,3,3,51,144
airland12,3,3,52,149
airland12,3,3,53,154
airland12,3,3,54,156
airland12,3,3,55,159
airland12,3,3,56,161
airland12,3,3,57,162
airland12,3,3,58,164
airland12,3,3,59,168
airland12,3,3,60,172
airland12,3,3,61,175
airland12,3,3,62,177
airland12,3,3,63,180
airland12,3,3,64,184
airland12,3,3,65,189
airland12,3,3,66,191
airland12,3,3,67,190
airland12,3,3,68,197
airland12,3,3,69,202
airland12,3,3,70,204
airland12,3,3,71,208
airland12,3,3,72,211
airland12,3,3,73,213
airland12,3,3,74,216
airland12,3,3,75,218
airland12,3,3,76,224
airland12,3,3,77,228
airland12,3,3,78,235
airland12,3,3,79,231
airland12,3,3,80,230
airland12,3,3,81,240
airland12,3,3,82,246
airland12,3,3,83,241
airland12,3,3,84,245
airland12,3,3,85,247
airland13,2,1,1,1
airland13,2,1,2,5
airland13,2,1,3,2
airland13,2,1,4,6
airland13,2,1,5,9
airland13,2,1,6,10
airland13,2,1,7,11
airland13,2,1,8,16
airland13,2,1,9,15
airland13,2,1,10,14
airland13,2,1,11,19
airland13,2,1,12,21
airland13,2,1,13,25
airland13,2,1,14,27
airland13,2,1,15,29
airland13,2,1,16,33
airland13,2,1,17,32
airland13,2,1,18,34
airland13,2,1,19,35
airland13,2,1,20,38
airland13,2,1,21,39
airland13,2,1,22,41
airland13,2,1,23,47
airland13,2,1,24,46
airland13,2,1,25,48
airland13,2,1,26,49
airland13,2,1,27,52
airland13,2,1,28,53
airland13,2,1,29,59
airland13,2,1,30,61
airland13,2,1,31,55
airland13,2,1,32,63
airland13,2,1,33,67
airland13,2,1,34,64
airland13,2,1,35,69
airland13,2,1,36,68
airland13,2,1,37,72
airland13,2,1,38,73
airland13,2,1,39,75
airland13,2,1,40,76
airland13,2,1,41,77
airland13,2,1,42,79
airland13,2,1,43,80
airland13,2,1,44,85
airland13,2,1,45,86
airland13,2,1,46,87
airland13,2,1,47,94
airland13,2,1,48,91
airland13,2,1,49,97
airland13,2,1,50,99
airland13,2,1,51,103
airland13,2,1,52,102
airland13,2,1,53,105
airland13,2,1,54,107
airland13,2,1,55,113
airland13,2,1,56,114
airland13,2,1,57,110
airland13,2,1,58,117
airland13,2,1,59,111
airland13,2,1,60,119
airland13,2,1,61,123
airland13,2,1,62,124
airland13,2,1,63,126
airland13,2,1,64,121
airland13,2,1,65,129
airland13,2,1,66,128
airland13,2,1,67,130
airland13,2,1,68,132
airland13,2,1,69,134
airland13,2,1,70,137
airland13,2,1,71,138
airland13,2,1,72,140
airland13,2,1,73,139
airland13,2,1,74,142
airland13,2,1,75,143
airland13,2,1,76,146
airland13,2,1,77,151
airland13,2,1,78,148
airland13,2,1,79,152
airland13,2,1,80,153
airland13,2,1,81,155
airland13,2,1,82,156
airland13,2,1,83,157
airland13,2,1,84,160
airland13,2,1,85,161
airland13,2,1,86,165
airland13,2,1,87,167
airland13,2,1,88,168
airland13,2,1,89,170
airland13,2,1,90,171
airland13,2,1,91,173
airland13,2,1,92,174
airland13,2,1,93,176
airland13,2,1,94,180
airland13,2,1,95,183
airland13,2,1,96,184
airland13,2,1,97,188
airland13,2,1,98,192
airland13,2,1,99,186
airland13,2,1,100,194
airland13,2,1,101,196
airland13,2,1,102,198
airland13,2,1,103,197
airland13,2,1,104,200
airland13,2,1,105,202
airland13,2,1,106,205
airland13,2,1,107,210
airland13,2,1,108,209
airland13,2,1,109,208
airland13,2,1,110,213
airland13,2,1,111,216
airland13,2,1,112,218
airland13,2,1,113,219
airland13,2,1,114,221
airland13,2,1,115,222
airland13,2,1,116,227
airland13,2,1,117,225
airland13,2,1,118,229
airland13,2,1,119,230
airland13,2,1,120,233
airland13,2,1,121,235
airland13,2,1,122,237
airland13,2,1,123,239
airland13,2,1,124,238
airland13,2,1,125,246
airland13,2,1,126,243
airland13,2,1,127,248
airland13,2,1,128,254
airland13,2,1,129,253
airland13,2,1,130,251
airland13,2,1,131,256
airland13,2,1,132,260
airland13,2,1,133,259
airland13,2,1,134,265
airland13,2,1,135,263
airland13,2,1,136,262
airland13,2,1,137,269
airland13,2,1,138,267
airland13,2,1,139,271
airland13,2,1,140,273
airland13,2,1,141,274
airland13,2,1,142,276
airland13,2,1,143,279
airland13,2,1,144,283
airland13,2,1,145,284
airland13,2,1,146,280
airland13,2,1,147,287
airland13,2,1,148,285
airland13,2,1,149,293
airland13,2,1,150,288
airland13,2,1,151,291
airland13,2,1,152,298
airland13,2,1,153,294
airland13,2,1,154,297
airland13,2,1,155,303
airland13,2,1,156,302
airland13,2,1,157,305
airland13,2,1,158,307
airland13,2,1,159,312
airland13,2,1,160,313
airland13,2,1,161,319
airland13,2,1,162,314
airland13,2,1,163,318
airland13,2,1,164,321
airland13,2,1,165,325
airland13,2,1,166,323
airland13,2,1,167,329
airland13,2,1,168,326
airland13,2,1,169,333
airland13,2,1,170,336
airland13,2,1,171,340
airland13,2,1,172,339
airland13,2,1,173,341
airland13,2,1,174,345
airland13,2,1,175,347
airland13,2,1,176,350
airland13,2,1,177,349
airland13,2,1,178,353
airland13,2,1,179,357
airland13,2,1,180,361
airland13,2,1,181,359
airland13,2,1,182,366
airland13,2,1,183,363
airland13,2,1,184,364
airland13,2,1,185,372
airland13,2,1,186,369
airland13,2,1,187,370
airland13,2,1,188,371
airland13,2,1,189,374
airland13,2,1,190,376
airland13,2,1,191,381
airland13,2,1,192,383
airland13,2,1,193,378
airland13,2,1,194,388
airland13,2,1,195,380
airland13,2,1,196,385
airland13,2,1,197,390
airland13,2,1,198,389
airland13,2,1,199,392
airland13,2,1,200,394
airland13,2,1,201,393
airland13,2,1,202,396
airland13,2,1,203,400
airland13,2,1,204,402
airland13,2,1,205,404
airland13,2,1,206,410
airland13,2,1,207,411
airland13,2,1,208,413
airland13,2,1,209,407
airland13,2,1,210,416
airland13,2,1,211,419
airland13,2,1,212,414
airland13,2,1,213,422
airland13,2,1,214,420
airland13,2,1,215,425
airland13,2,1,216,427
airland13,2,1,217,429
airland13,2,1,218,432
airland13,2,1,219,435
airland13,2,1,220,436
airland13,2,1,221,442
airland13,2,1,222,434
airland13,2,1,223,440
airland13,2,1,224,437
airland13,2,1,225,445
airland13,2,1,226,447
airland13,2,1,227,448
airland13,2,1,228,452
airland13,2,1,229,451
airland13,2,1,230,456
airland13,2,1,231,454
airland13,2,1,232,457
airland13,2,1,233,455
airland13,2,1,234,462
airland13,2,1,235,463
airland13,2,1,236,461
airland13,2,1,237,466
airland13,2,1,238,464
airland13,2,1,239,468
airland13,2,1,240,470
airland13,2,1,241,476
airland13,2,1,242,475
airland13,2,1,243,473
airland13,2,1,244,483
airland13,2,1,245,480
airland13,2,1,246,485
airland13,2,1,247,488
airland13,2,1,248,494
airland13,2,1,249,493
airland13,2,1,250,498
airland13,2,1,251,497
airland13,2,2,1,0
airland13,2,2,2,4
airland13,2,2,3,3
airland13,2,2,4,7
airland13,2,2,5,8
airland13,2,2,6,13
airland13,2,2,7,12
airland13,2,2,8,17
airland13,2,2,9,18
airland13,2,2,10,20
airland13,2,2,11,24
airland13,2,2,12,23
airland13,2,2,13,22
airland13,2,2,14,26
airland13,2,2,15,30
airland13,2,2,16,28
airland13,2,2,17,31
airland13,2,2,18,37
airland13,2,2,19,40
airland13,2,2,20,36
airland13,2,2,21,42
airland13,2,2,22,44
airland13,2,2,23,45
airland13,2,2,24,43
airland13,2,2,25,51
airland13,2,2,26,50
airland13,2,2,27,54
airland13,2,2,28,56
airland13,2,2,29,58
airland13,2,2,30,57
airland13,2,2,31,60
airland13,2,2,32,62
airland13,2,2,33,66
airland13,2,2,34,65
airland13,2,2,35,71
airland13,2,2,36,70
airland13,2,2,37,74
airland13,2,2,38,81
airland13,2,2,39,82
airland13,2,2,40,78
airland13,2,2,41,84
airland13,2,2,42,83
airland13,2,2,43,88
airland13,2,2,44,92
airland13,2,2,45,89
airland13,2,2,46,93
airland13,2,2,47,95
airland13,2,2,48,90
airland13,2,2,49,96
airland13,2,2,50,98
airland13,2,2,51,101
airland13,2,2,52,100
airland13,2,2,53,104
airland13,2,2,54,106
airland13,2,2,55,109
airland13,2,2,56,108
airland13,2,2,57,115
airland13,2,2,58,116
airland13,2,2,59,112
airland13,2,2,60,118
airland13,2,2,61,120
airland13,2,2,62,125
airland13,2,2,63,122
airland13,2,2,64,131
airland13,2,2,65,127
airland13,2,2,66,133
airland13,2,2,67,135
airland13,2,2,68,136
airland13,2,2,69,141
airland13,2,2,70,144
airland13,2,2,71,147
airland13,2,2,72,149
airland13,2,2,73,145
airland13,2,2,74,150
airland13,2,2,75,154
airland13,2,2,76,158
airland13,2,2,77,159
airland13,2,2,78,163
airland13,2,2,79,162
airland13,2,2,80,164
airland13,2,2,81,166
airland13,2,2,82,169
airland13,2,2,83,172
airland13,2,2,84,175
airland13,2,2,85,177
airland13,2,2,86,178
airland13,2,2,87,179
airland13,2,2,88,181
airland13,2,2,89,182
airland13,2,2,90,187
airland13,2,2,91,185
airland13,2,2,92,190
airland13,2,2,93,189
airland13,2,2,94,191
airland13,2,2,95,193
airland13,2,2,96,195
airland13,2,2,97,199
airland13,2,2,98,201
airland13,2,2,99,203
airland13,2,2,100,204
airland13,2,2,101,207
airland13,2,2,102,206
airland13,2,2,103,214
airland13,2,2,104,211
airland13,2,2,105,212
airland13,2,2,106,215
airland13,2,2,107,217
airland13,2,2,108,220
airland13,2,2,109,223
airland13,2,2,110,224
airland13,2,2,111,226
airland13,2,2,112,228
airland13,2,2,113,231
airland13,2,2,114,232
airland13,2,2,115,234
airland13,2,2,116,240
airland13,2,2,117,242
airland13,2,2,118,236
airland13,2,2,119,241
airland13,2,2,120,245
airland13,2,2,121,244
airland13,2,2,122,247
airland13,2,2,123,249
airland13,2,2,124,250
airland13,2,2,125,257
airland13,2,2,126,252
airland13,2,2,127,255
airland13,2,2,128,258
airland13,2,2,129,264
airland13,2,2,130,261
airland13,2,2,131,266
airland13,2,2,132,268
airland13,2,2,133,270
airland13,2,2,134,272
airland13,2,2,135,278
airland13,2,2,136,275
airland13,2,2,137,277
airland13,2,2,138,281
airland13,2,2,139,282
airland13,2,2,140,290
airland13,2,2,141,289
airland13,2,2,142,292
airland13,2,2,143,286
airland13,2,2,144,296
airland13,2,2,145,295
airland13,2,2,146,299
airland13,2,2,147,300
airland13,2,2,148,301
airland13,2,2,149,304
airland13,2,2,150,306
airland13,2,2,151,309
airland13,2,2,152,308
airland13,2,2,153,311
airland13,2,2,154,310
airland13,2,2,155,320
airland13,2,2,156,315
airland13,2,2,157,322
airland13,2,2,158,317
airland13,2,2,159,316
airland13,2,2,160,324
airland13,2,2,161,327
airland13,2,2,162,330
airland13,2,2,163,328
airland13,2,2,164,331
airland13,2,2,165,335
airland13,2,2,166,334
airland13,2,2,167,332
airland13,2,2,168,337
airland13,2,2,169,343
airland13,2,2,170,338
airland13,2,2,171,342
airland13,2,2,172,344
airland13,2,2,173,346
airland13,2,2,174,348
airland13,2,2,175,351
airland13,2,2,176,352
airland13,2,2,177,356
airland13,2,2,178,354
airland13,2,2,179,355
airland13,2,2,180,358
airland13,2,2,181,362
airland13,2,2,182,360
airland13,2,2,183,365
airland13,2,2,184,367
airland13,2,2,185,368
airland13,2,2,186,373
airland13,2,2,187,375
airland13,2,2,188,377
airland13,2,2,189,379
airland13,2,2,190,382
airland13,2,2,191,384
airland13,2,2,192,386
airland13,2,2,193,387
airland13,2,2,194,391
airland13,2,2,195,395
airland13,2,2,196,397
airland13,2,2,197,398
airland13,2,2,198,399
airland13,2,2,199,401
airland13,2,2,200,406
airland13,2,2,201,408
airland13,2,2,202,403
airland13,2,2,203,405
airland13,2,2,204,409
airland13,2,2,205,412
airland13,2,2,206,418
airland13,2,2,207,415
airland13,2,2,208,417
airland13,2,2,209,423
airland13,2,2,210,421
airland13,2,2,211,424
airland13,2,2,212,426
airland13,2,2,213,428
airland13,2,2,214,431
airland13,2,2,215,430
airland13,2,2,216,438
airland13,2,2,217,433
airland13,2,2,218,439
airland13,2,2,219,441
airland13,2,2,220,443
airland13,2,2,221,444
airland13,2,2,222,446
airland13,2,2,223,450
airland13,2,2,224,449
airland13,2,2,225,453
airland13,2,2,226,458
airland13,2,2,227,459
airland13,2,2,228,460
airland13,2,2,229,467
airland13,2,2,230,465
airland13,2,2,231,469
airland13,2,2,232,472
airland13,2,2,233,474
airland13,2,2,234,471
airland13,2,2,235,477
airland13,2,2,236,478
airland13,2,2,237,482
airland13,2,2,238,479
airland13,2,2,239,481
airland13,2,2,240,487
airland13,2,2,241,484
airland13,2,2,242,486
airland13,2,2,243,489
airland13,2,2,244,492
airland13,2,2,245,490
airland13,2,2,246,491
airland13,2,2,247,495
airland13,2,2,248,496
airland13,2,2,249,499
airland13,3,1,1,0
airland13,3,1,2,5
airland13,3,1,3,3
airland13,3,1,4,8
airland13,3,1,5,15
airland13,3,1,6,14
airland13,3,1,7,21
airland13,3,1,8,27
airland13,3,1,9,28
airland13,3,1,10,33
airland13,3,1,11,32
airland13,3,1,12,37
airland13,3,1,13,38
airland13,3,1,14,39
airland13,3,1,15,41
airland13,3,1,16,47
airland13,3,1,17,49
airland13,3,1,18,51
airland13,3,1,19,53
airland13,3,1,20,56
airland13,3,1,21,57
airland13,3,1,22,64
airland13,3,1,23,65
airland13,3,1,24,68
airland13,3,1,25,75
airland13,3,1,26,76
airland13,3,1,27,79
airland13,3,1,28,80
airland13,3,1,29,85
airland13,3,1,30,86
airland13,3,1,31,87
airland13,3,1,32,92
airland13,3,1,33,89
airland13,3,1,34,94
airland13,3,1,35,90
airland13,3,1,36,96
airland13,3,1,37,100
airland13,3,1,38,106
airland13,3,1,39,114
airland13,3,1,40,110
airland13,3,1,41,115
airland13,3,1,42,116
airland13,3,1,43,112
airland13,3,1,44,125
airland13,3,1,45,126
airland13,3,1,46,131
airland13,3,1,47,130
airland13,3,1,48,132
airland13,3,1,49,138
airland13,3,1,50,142
airland13,3,1,51,143
airland13,3,1,52,145
airland13,3,1,53,148
airland13,3,1,54,152
airland13,3,1,55,153
airland13,3,1,56,154
airland13,3,1,57,155
airland13,3,1,58,160
airland13,3,1,59,164
airland13,3,1,60,166
airland13,3,1,61,168
airland13,3,1,62,169
airland13,3,1,63,172
airland13,3,1,64,175
airland13,3,1,65,177
airland13,3,1,66,180
airland13,3,1,67,183
airland13,3,1,68,186
airland13,3,1,69,193
airland13,3,1,70,194
airland13,3,1,71,196
airland13,3,1,72,199
airland13,3,1,73,205
airland13,3,1,74,210
airland13,3,1,75,209
airland13,3,1,76,211
airland13,3,1,77,208
airland13,3,1,78,218
airland13,3,1,79,221
airland13,3,1,80,222
airland13,3,1,81,227
airland13,3,1,82,230
airland13,3,1,83,235
airland13,3,1,84,237
airland13,3,1,85,242
airland13,3,1,86,236
airland13,3,1,87,246
airland13,3,1,88,243
airland13,3,1,89,248
airland13,3,1,90,254
airland13,3,1,91,253
airland13,3,1,92,256
airland13,3,1,93,260
airland13,3,1,94,259
airland13,3,1,95,263
airland13,3,1,96,267
airland13,3,1,97,271
airland13,3,1,98,274
airland13,3,1,99,275
airland13,3,1,100,281
airland13,3,1,101,282
airland13,3,1,102,285
airland13,3,1,103,288
airland13,3,1,104,298
airland13,3,1,105,294
airland13,3,1,106,299
airland13,3,1,107,300
airland13,3,1,108,302
airland13,3,1,109,305
airland13,3,1,110,308
airland13,3,1,111,313
airland13,3,1,112,319
airland13,3,1,113,314
airland13,3,1,114,318
airland13,3,1,115,321
airland13,3,1,116,325
airland13,3,1,117,328
airland13,3,1,118,331
airland13,3,1,119,334
airland13,3,1,120,339
airland13,3,1,121,341
airland13,3,1,122,345
airland13,3,1,123,347
airland13,3,1,124,350
airland13,3,1,125,353
airland13,3,1,126,357
airland13,3,1,127,359
airland13,3,1,128,364
airland13,3,1,129,372
airland13,3,1,130,370
airland13,3,1,131,371
airland13,3,1,132,374
airland13,3,1,133,377
airland13,3,1,134,383
airland13,3,1,135,380
airland13,3,1,136,390
airland13,3,1,137,389
airland13,3,1,138,395
airland13,3,1,139,397
airland13,3,1,140,399
airland13,3,1,141,404
airland13,3,1,142,403
airland13,3,1,143,418
airland13,3,1,144,419
airland13,3,1,145,423
airland13,3,1,146,420
airland13,3,1,147,425
airland13,3,1,148,426
airland13,3,1,149,433
airland13,3,1,150,439
airland13,3,1,151,447
airland13,3,1,152,453
airland13,3,1,153,461
airland13,3,1,154,466
airland13,3,1,155,464
airland13,3,1,156,468
airland13,3,1,157,470
airland13,3,1,158,472
airland13,3,1,159,474
airland13,3,1,160,477
airland13,3,1,161,482
airland13,3,1,162,487
airland13,3,1,163,484
airland13,3,1,164,489
airland13,3,1,165,490
airland13,3,1,166,496
airland13,3,2,1,4
airland13,3,2,2,2
airland13,3,2,3,9
airland13,3,2,4,7
airland13,3,2,5,13
airland13,3,2,6,11
airland13,3,2,7,16
airland13,3,2,8,19
airland13,3,2,9,20
airland13,3,2,10,24
airland13,3,2,11,25
airland13,3,2,12,29
airland13,3,2,13,34
airland13,3,2,14,40
airland13,3,2,15,45
airland13,3,2,16,43
airland13,3,2,17,48
airland13,3,2,18,52
airland13,3,2,19,59
airland13,3,2,20,61
airland13,3,2,21,60
airland13,3,2,22,62
airland13,3,2,23,66
airland13,3,2,24,69
airland13,3,2,25,72
airland13,3,2,26,73
airland13,3,2,27,81
airland13,3,2,28,82
airland13,3,2,29,91
airland13,3,2,30,99
airland13,3,2,31,103
airland13,3,2,32,104
airland13,3,2,33,109
airland13,3,2,34,117
airland13,3,2,35,118
airland13,3,2,36,120
airland13,3,2,37,122
airland13,3,2,38,121
airland13,3,2,39,128
airland13,3,2,40,133
airland13,3,2,41,135
airland13,3,2,42,134
airland13,3,2,43,136
airland13,3,2,44,140
airland13,3,2,45,139
airland13,3,2,46,146
airland13,3,2,47,151
airland13,3,2,48,150
airland13,3,2,49,159
airland13,3,2,50,161
airland13,3,2,51,167
airland13,3,2,52,170
airland13,3,2,53,174
airland13,3,2,54,176
airland13,3,2,55,178
airland13,3,2,56,179
airland13,3,2,57,182
airland13,3,2,58,184
airland13,3,2,59,188
airland13,3,2,60,192
airland13,3,2,61,198
airland13,3,2,62,200
airland13,3,2,63,202
airland13,3,2,64,206
airland13,3,2,65,212
airland13,3,2,66,215
airland13,3,2,67,217
airland13,3,2,68,219
airland13,3,2,69,223
airland13,3,2,70,225
airland13,3,2,71,228
airland13,3,2,72,229
airland13,3,2,73,233
airland13,3,2,74,240
airland13,3,2,75,238
airland13,3,2,76,249
airland13,3,2,77,252
airland13,3,2,78,255
airland13,3,2,79,258
airland13,3,2,80,264
airland13,3,2,81,261
airland13,3,2,82,266
airland13,3,2,83,269
airland13,3,2,84,278
airland13,3,2,85,277
airland13,3,2,86,283
airland13,3,2,87,280
airland13,3,2,88,287
airland13,3,2,89,290
airland13,3,2,90,289
airland13,3,2,91,293
airland13,3,2,92,286
airland13,3,2,93,296
airland13,3,2,94,295
airland13,3,2,95,301
airland13,3,2,96,306
airland13,3,2,97,309
airland13,3,2,98,311
airland13,3,2,99,310
airland13,3,2,100,320
airland13,3,2,101,317
airland13,3,2,102,323
airland13,3,2,103,327
airland13,3,2,104,330
airland13,3,2,105,335
airland13,3,2,106,336
airland13,3,2,107,340
airland13,3,2,108,338
airland13,3,2,109,342
airland13,3,2,110,344
airland13,3,2,111,346
airland13,3,2,112,348
airland13,3,2,113,349
airland13,3,2,114,356
airland13,3,2,115,354
airland13,3,2,116,355
airland13,3,2,117,362
airland13,3,2,118,361
airland13,3,2,119,365
airland13,3,2,120,363
airland13,3,2,121,368
airland13,3,2,122,373
airland13,3,2,123,376
airland13,3,2,124,379
airland13,3,2,125,378
airland13,3,2,126,388
airland13,3,2,127,385
airland13,3,2,128,392
airland13,3,2,129,394
airland13,3,2,130,393
airland13,3,2,131,396
airland13,3,2,132,400
airland13,3,2,133,401
airland13,3,2,134,406
airland13,3,2,135,408
airland13,3,2,136,405
airland13,3,2,137,409
airland13,3,2,138,412
airland13,3,2,139,415
airland13,3,2,140,417
airland13,3,2,141,421
airland13,3,2,142,424
airland13,3,2,143,431
airland13,3,2,144,430
airland13,3,2,145,438
airland13,3,2,146,436
airland13,3,2,147,434
airland13,3,2,148,437
airland13,3,2,149,443
airland13,3,2,150,448
airland13,3,2,151,452
airland13,3,2,152,454
airland13,3,2,153,457
airland13,3,2,154,455
airland13,3,2,155,459
airland13,3,2,156,460
airland13,3,2,157,465
airland13,3,2,158,469
airland13,3,2,159,475
airland13,3,2,160,471
airland13,3,2,161,478
airland13,3,2,162,480
airland13,3,2,163,481
airland13,3,2,164,492
airland13,3,2,165,488
airland13,3,2,166,491
airland13,3,2,167,495
airland13,3,2,168,499
airland13,3,3,1,1
airland13,3,3,2,6
airland13,3,3,3,10
airland13,3,3,4,12
airland13,3,3,5,17
airland13,3,3,6,18
airland13,3,3,7,23
airland13,3,3,8,22
airland13,3,3,9,26
airland13,3,3,10,30
airland13,3,3,11,31
airland13,3,3,12,35
airland13,3,3,13,36
airland13,3,3,14,42
airland13,3,3,15,44
airland13,3,3,16,46
airland13,3,3,17,50
airland13,3,3,18,54
airland13,3,3,19,58
airland13,3,3,20,55
airland13,3,3,21,63
airland13,3,3,22,67
airland13,3,3,23,71
airland13,3,3,24,70
airland13,3,3,25,74
airland13,3,3,26,77
airland13,3,3,27,78
airland13,3,3,28,84
airland13,3,3,29,83
airland13,3,3,30,88
airland13,3,3,31,93
airland13,3,3,32,95
airland13,3,3,33,97
airland13,3,3,34,98
airland13,3,3,35,101
airland13,3,3,36,102
airland13,3,3,37,105
airland13,3,3,38,107
airland13,3,3,39,113
airland13,3,3,40,108
airland13,3,3,41,111
airland13,3,3,42,119
airland13,3,3,43,123
airland13,3,3,44,124
airland13,3,3,45,129
airland13,3,3,46,127
airland13,3,3,47,137
airland13,3,3,48,141
airland13,3,3,49,144
airland13,3,3,50,147
airland13,3,3,51,149
airland13,3,3,52,158
airland13,3,3,53,156
airland13,3,3,54,157
airland13,3,3,55,163
airland13,3,3,56,162
airland13,3,3,57,165
airland13,3,3,58,171
airland13,3,3,59,173
airland13,3,3,60,181
airland13,3,3,61,187
airland13,3,3,62,185
airland13,3,3,63,190
airland13,3,3,64,189
airland13,3,3,65,191
airland13,3,3,66,195
airland13,3,3,67,197
airland13,3,3,68,201
airland13,3,3,69,203
airland13,3,3,70,204
airland13,3,3,71,207
airland13,3,3,72,214
airland13,3,3,73,213
airland13,3,3,74,216
airland13,3,3,75,220
airland13,3,3,76,224
airland13,3,3,77,226
airland13,3,3,78,231
airland13,3,3,79,232
airland13,3,3,80,234
airland13,3,3,81,239
airland13,3,3,82,241
airland13,3,3,83,245
airland13,3,3,84,244
airland13,3,3,85,247
airland13,3,3,86,250
airland13,3,3,87,257
airland13,3,3,88,251
airland13,3,3,89,265
airland13,3,3,90,262
airland13,3,3,91,268
airland13,3,3,92,270
airland13,3,3,93,272
airland13,3,3,94,273
airland13,3,3,95,276
airland13,3,3,96,279
airland13,3,3,97,284
airland13,3,3,98,292
airland13,3,3,99,291
airland13,3,3,100,297
airland13,3,3,101,303
airland13,3,3,102,304
airland13,3,3,103,307
airland13,3,3,104,312
airland13,3,3,105,315
airland13,3,3,106,322
airland13,3,3,107,316
airland13,3,3,108,324
airland13,3,3,109,329
airland13,3,3,110,326
airland13,3,3,111,333
airland13,3,3,112,332
airland13,3,3,113,337
airland13,3,3,114,343
airland13,3,3,115,351
airland13,3,3,116,352
airland13,3,3,117,358
airland13,3,3,118,360
airland13,3,3,119,366
airland13,3,3,120,367
airland13,3,3,121,369
airland13,3,3,122,375
airland13,3,3,123,381
airland13,3,3,124,382
airland13,3,3,125,384
airland13,3,3,126,386
airland13,3,3,127,387
airland13,3,3,128,391
airland13,3,3,129,398
airland13,3,3,130,402
airland13,3,3,131,410
airland13,3,3,132,411
airland13,3,3,133,413
airland13,3,3,134,407
airland13,3,3,135,416
airland13,3,3,136,414
airland13,3,3,137,422
airland13,3,3,138,427
airland13,3,3,139,428
airland13,3,3,140,429
airland13,3,3,141,432
airland13,3,3,142,435
airland13,3,3,143,442
airland13,3,3,144,440
airland13,3,3,145,441
airland13,3,3,146,445
airland13,3,3,147,444
airland13,3,3,148,446
airland13,3,3,149,450
airland13,3,3,150,449
airland13,3,3,151,451
airland13,3,3,152,456
airland13,3,3,153,458
airland13,3,3,154,462
airland13,3,3,155,463
airland13,3,3,156,467
airland13,3,3,157,476
airland13,3,3,158,473
airland13,3,3,159,483
airland13,3,3,160,479
airland13,3,3,161,485
airland13,3,3,162,486
airland13,3,3,163,494
airland13,3,3,164,493
airland13,3,3,165,498
airland13,3,3,166,497
