instance,m,n,objective,seed_lp,exact_sa_lp,bks,bks_proven,upper_bound,gap_pct,feasible,wall_s,seed,t_best_s,t_limit
airland13,1,500,nonlinear,11219248.0,46414177.0,45677264,False,63891976.0,-1.6133037215188721,True,1813.5,0,209.4,1800.0
airland13,2,500,nonlinear,38408973.0,62349084.0,62149293,False,63891976.0,-0.321469465469221,True,1804.1,0,751.1,1800.0
airland13,1,500,nonlinear,11219248.0,46404551.0,45677264,False,63891976.0,-1.5922297797871607,True,1810.2,1000,231.5,1800.0
airland13,2,500,nonlinear,38408973.0,62345609.0,62149293,False,63891976.0,-0.31587809051987126,True,1803.5,1000,319.1,1800.0
airland13,1,500,nonlinear,11219248.0,46422557.0,45677264,False,63891976.0,-1.6316498291141082,True,1809.8,2000,696.4,1800.0
airland13,2,500,nonlinear,38408973.0,62342601.0,62149293,False,63891976.0,-0.3110381320025636,True,1803.8,2000,1102.0,1800.0
airland13,1,500,nonlinear,11219248.0,46428099.0,45677264,False,63891976.0,-1.6437827799843703,True,1805.5,3000,649.2,1800.0
airland13,2,500,nonlinear,38408973.0,62349870.0,62149293,False,63891976.0,-0.32273416207646966,True,1803.5,3000,1608.3,1800.0
airland13,1,500,nonlinear,11219248.0,46368175.0,45677264,False,63891976.0,-1.5125927857675538,True,1805.9,4000,1516.0,1800.0
airland13,2,500,nonlinear,38408973.0,62349084.0,62149293,False,63891976.0,-0.321469465469221,True,1803.4,4000,731.5,1800.0
