instance,m,n,objective,seed_lp,exact_sa_lp,bks,bks_proven,upper_bound,gap_pct,feasible,wall_s,seed,t_best_s,t_limit
airland8,1,50,nonlinear,267665.0,741320.0,728837,False,799417.0,-1.7127286347976296,True,60.1,0,3.9,60.0
airland8,2,50,nonlinear,494824.0,797080.0,797116,False,799417.0,0.0045162811937033,True,60.1,0,45.6,60.0
airland9,1,100,nonlinear,3181505.0,11008682.0,10926459,False,14090232.0,-0.7525127765546001,True,300.2,0,166.2,300.0
airland9,2,100,nonlinear,9715196.0,13722851.0,13690376,False,14090232.0,-0.2372104316199935,True,300.1,0,37.5,300.0
airland9,3,100,nonlinear,11338840.0,14037913.0,14037508,False,14090232.0,-0.002885127474192713,True,300.1,0,32.3,300.0
airland9,4,100,nonlinear,12425204.0,14090232.0,14090232,False,14090232.0,0.0,True,300.1,0,27.4,300.0
airland10,1,150,nonlinear,4468900.0,14831835.0,14713752,False,20136384.0,-0.802534934665203,True,300.2,0,31.4,300.0
airland10,2,150,nonlinear,13084773.0,19839545.0,19829588,False,20136384.0,-0.05021284355479297,True,300.1,0,111.8,300.0
airland10,3,150,nonlinear,16481054.0,20126522.0,20126522,False,20136384.0,0.0,True,300.1,0,36.7,300.0
airland10,4,150,nonlinear,18152086.0,20136384.0,20136384,False,20136384.0,0.0,True,300.1,0,34.4,300.0
airland11,1,200,nonlinear,7114335.0,21916259.0,21827542,False,27506007.0,-0.4064452149490767,True,300.3,0,31.6,300.0
airland11,2,200,nonlinear,17944671.0,26882926.0,26862823,False,27506007.0,-0.07483576837773157,True,300.2,0,46.2,300.0
airland11,3,200,nonlinear,23168414.0,27413652.0,27409004,False,27506007.0,-0.016957931050686846,True,300.1,0,39.9,300.0
airland11,4,200,nonlinear,25479232.0,27485315.0,27484328,False,27506007.0,-0.0035911374656858995,True,300.1,0,43.3,300.0
airland11,5,200,nonlinear,26795033.0,27506007.0,27506007,False,27506007.0,0.0,True,300.1,0,38.4,300.0
airland12,1,250,nonlinear,9111440.0,27984808.0,27619476,False,34405915.0,-1.3227332770542062,True,300.4,0,101.6,300.0
airland12,2,250,nonlinear,21456983.0,33871464.0,33809839,False,34405915.0,-0.18226942754740713,True,300.2,0,190.4,300.0
airland12,3,250,nonlinear,25944852.0,34348107.0,34343826,False,34405915.0,-0.012465122552158283,True,300.1,0,45.5,300.0
airland12,4,250,nonlinear,31519690.0,34401946.0,34401946,False,34405915.0,0.0,True,300.1,0,39.4,300.0
airland12,5,250,nonlinear,32962749.0,34405915.0,34405915,False,34405915.0,0.0,True,300.1,0,38.1,300.0
airland13,1,500,nonlinear,11219248.0,46397527.0,45677264,False,63891976.0,-1.5768523263564997,True,600.7,0,359.3,600.0
airland13,2,500,nonlinear,38408973.0,62353084.0,62149293,False,63891976.0,-0.3279055805188323,True,600.4,0,109.2,600.0
airland13,3,500,nonlinear,49003725.0,63714939.0,63666346,False,63891976.0,-0.07632446818920627,True,600.4,0,385.7,600.0
airland13,4,500,nonlinear,56285093.0,63886851.0,63886852,False,63891976.0,1.5652672947479083e-06,True,600.3,0,93.5,600.0
airland13,5,500,nonlinear,60386898.0,63891976.0,63891976,False,63891976.0,0.0,True,600.2,0,91.9,600.0
airland8,1,50,nonlinear,267665.0,741320.0,728837,False,799417.0,-1.7127286347976296,True,60.1,1000,4.7,60.0
airland8,2,50,nonlinear,494824.0,797116.0,797116,False,799417.0,0.0,True,60.1,1000,21.4,60.0
airland9,1,100,nonlinear,3181505.0,11008682.0,10926459,False,14090232.0,-0.7525127765546001,True,300.2,1000,21.4,300.0
airland9,2,100,nonlinear,9382196.0,13722851.0,13690376,False,14090232.0,-0.2372104316199935,True,300.1,1000,27.5,300.0
airland9,3,100,nonlinear,11338840.0,14037913.0,14037508,False,14090232.0,-0.002885127474192713,True,300.1,1000,30.1,300.0
airland9,4,100,nonlinear,12425204.0,14090232.0,14090232,False,14090232.0,0.0,True,300.1,1000,26.7,300.0
airland10,1,150,nonlinear,4468900.0,14831835.0,14713752,False,20136384.0,-0.802534934665203,True,300.2,1000,36.5,300.0
airland10,2,150,nonlinear,13508731.0,19839545.0,19829588,False,20136384.0,-0.05021284355479297,True,300.2,1000,33.9,300.0
airland10,3,150,nonlinear,16481054.0,20126522.0,20126522,False,20136384.0,0.0,True,300.1,1000,35.1,300.0
airland10,4,150,nonlinear,18152086.0,20136384.0,20136384,False,20136384.0,0.0,True,300.1,1000,35.8,300.0
airland11,1,200,nonlinear,7114335.0,21916259.0,21827542,False,27506007.0,-0.4064452149490767,True,300.3,1000,33.2,300.0
airland11,2,200,nonlinear,18386153.0,26882926.0,26862823,False,27506007.0,-0.07483576837773157,True,300.1,1000,50.5,300.0
airland11,3,200,nonlinear,23168414.0,27413652.0,27409004,False,27506007.0,-0.016957931050686846,True,300.1,1000,40.6,300.0
airland11,4,200,nonlinear,25479232.0,27485315.0,27484328,False,27506007.0,-0.0035911374656858995,True,300.1,1000,44.5,300.0
airland11,5,200,nonlinear,26795033.0,27506007.0,27506007,False,27506007.0,0.0,True,300.1,1000,41.0,300.0
airland12,1,250,nonlinear,9111440.0,27984808.0,27619476,False,34405915.0,-1.3227332770542062,True,300.4,1000,31.3,300.0
airland12,2,250,nonlinear,21456983.0,33871464.0,33809839,False,34405915.0,-0.18226942754740713,True,300.2,1000,112.9,300.0
airland12,3,250,nonlinear,27382752.0,34348107.0,34343826,False,34405915.0,-0.012465122552158283,True,300.2,1000,46.5,300.0
airland12,4,250,nonlinear,31519690.0,34401946.0,34401946,False,34405915.0,0.0,True,300.1,1000,47.4,300.0
airland12,5,250,nonlinear,32962749.0,34405915.0,34405915,False,34405915.0,0.0,True,300.1,1000,33.9,300.0
airland13,1,500,nonlinear,11219248.0,46368433.0,45677264,False,63891976.0,-1.513157618197097,True,600.6,1000,505.6,600.0
airland13,2,500,nonlinear,38408973.0,62349084.0,62149293,False,63891976.0,-0.321469465469221,True,600.3,1000,386.5,600.0
airland13,3,500,nonlinear,49003725.0,63714939.0,63666346,False,63891976.0,-0.07632446818920627,True,600.3,1000,104.4,600.0
airland13,4,500,nonlinear,56285093.0,63886851.0,63886852,False,63891976.0,1.5652672947479083e-06,True,600.3,1000,93.7,600.0
airland13,5,500,nonlinear,60386898.0,63891976.0,63891976,False,63891976.0,0.0,True,600.2,1000,85.5,600.0
airland8,1,50,nonlinear,267665.0,741320.0,728837,False,799417.0,-1.7127286347976296,True,60.1,2000,4.6,60.0
airland8,2,50,nonlinear,510915.0,797116.0,797116,False,799417.0,0.0,True,60.1,2000,24.3,60.0
airland9,1,100,nonlinear,3181505.0,11008682.0,10926459,False,14090232.0,-0.7525127765546001,True,300.2,2000,20.8,300.0
airland9,2,100,nonlinear,9042646.0,13722851.0,13690376,False,14090232.0,-0.2372104316199935,True,300.1,2000,34.7,300.0
airland9,3,100,nonlinear,11338840.0,14037913.0,14037508,False,14090232.0,-0.002885127474192713,True,300.1,2000,31.6,300.0
airland9,4,100,nonlinear,12425204.0,14090232.0,14090232,False,14090232.0,0.0,True,300.1,2000,24.4,300.0
airland10,1,150,nonlinear,4468900.0,14831835.0,14713752,False,20136384.0,-0.802534934665203,True,300.1,2000,33.5,300.0
