instance,n,known_opt,combo_id,combo_label,coded_alpha,coded_Ni,coded_Imax,coded_Mstag,alpha,N_iter,I_max,M_stag,rep,seed,final_semi,final_feas,gap_pct,t_best_feas,wall_s
airland1,10,700.0,0,a-Ni-Im-Ms-,-1,-1,-1,-1,0.95,80,200,30,1,42,700.0,700.0,0.0,0.0,4.5185
airland1,10,700.0,0,a-Ni-Im-Ms-,-1,-1,-1,-1,0.95,80,200,30,2,55,700.0,700.0,0.0,0.0,4.993
airland1,10,700.0,1,a-Ni-Im-Ms+,-1,-1,-1,1,0.95,80,200,180,1,42,700.0,700.0,0.0,0.0,11.1164
airland1,10,700.0,1,a-Ni-Im-Ms+,-1,-1,-1,1,0.95,80,200,180,2,55,700.0,700.0,0.0,0.0,11.1154
airland1,10,700.0,2,a-Ni-Im+Ms-,-1,-1,1,-1,0.95,80,1200,30,1,42,700.0,700.0,0.0,0.0,4.5362
airland1,10,700.0,2,a-Ni-Im+Ms-,-1,-1,1,-1,0.95,80,1200,30,2,55,700.0,700.0,0.0,0.0,3.0416
airland1,10,700.0,3,a-Ni-Im+Ms+,-1,-1,1,1,0.95,80,1200,180,1,42,700.0,700.0,0.0,0.0,25.0542
airland1,10,700.0,3,a-Ni-Im+Ms+,-1,-1,1,1,0.95,80,1200,180,2,55,700.0,700.0,0.0,0.0,19.4904
airland1,10,700.0,4,a-Ni+Im-Ms-,-1,1,-1,-1,0.95,400,200,30,1,42,700.0,700.0,0.0,0.0,24.7314
airland1,10,700.0,4,a-Ni+Im-Ms-,-1,1,-1,-1,0.95,400,200,30,2,55,700.0,700.0,0.0,0.0,24.5854
airland1,10,700.0,5,a-Ni+Im-Ms+,-1,1,-1,1,0.95,400,200,180,1,42,700.0,700.0,0.0,0.0,39.4158
airland1,10,700.0,5,a-Ni+Im-Ms+,-1,1,-1,1,0.95,400,200,180,2,55,700.0,700.0,0.0,0.0,42.5939
airland1,10,700.0,6,a-Ni+Im+Ms-,-1,1,1,-1,0.95,400,1200,30,1,42,700.0,700.0,0.0,0.0,24.5181
airland1,10,700.0,6,a-Ni+Im+Ms-,-1,1,1,-1,0.95,400,1200,30,2,55,700.0,700.0,0.0,0.0,22.7121
airland1,10,700.0,7,a-Ni+Im+Ms+,-1,1,1,1,0.95,400,1200,180,1,42,700.0,700.0,0.0,0.0,59.9302
airland1,10,700.0,7,a-Ni+Im+Ms+,-1,1,1,1,0.95,400,1200,180,2,55,700.0,700.0,0.0,0.0,59.9169
airland1,10,700.0,8,a+Ni-Im-Ms-,1,-1,-1,-1,0.995,80,200,30,1,42,700.0,700.0,0.0,0.0,4.5105
airland1,10,700.0,8,a+Ni-Im-Ms-,1,-1,-1,-1,0.995,80,200,30,2,55,700.0,700.0,0.0,0.0,2.9963
airland1,10,700.0,9,a+Ni-Im-Ms+,1,-1,-1,1,0.995,80,200,180,1,42,700.0,700.0,0.0,0.0,11.0705
airland1,10,700.0,9,a+Ni-Im-Ms+,1,-1,-1,1,0.995,80,200,180,2,55,700.0,700.0,0.0,0.0,11.1165
airland1,10,700.0,10,a+Ni-Im+Ms-,1,-1,1,-1,0.995,80,1200,30,1,42,700.0,700.0,0.0,0.0,4.5291
airland1,10,700.0,10,a+Ni-Im+Ms-,1,-1,1,-1,0.995,80,1200,30,2,55,700.0,700.0,0.0,0.0,2.9951
airland1,10,700.0,11,a+Ni-Im+Ms+,1,-1,1,1,0.995,80,1200,180,1,42,700.0,700.0,0.0,0.0,27.4323
airland1,10,700.0,11,a+Ni-Im+Ms+,1,-1,1,1,0.995,80,1200,180,2,55,700.0,700.0,0.0,0.0,22.1238
airland1,10,700.0,12,a+Ni+Im-Ms-,1,1,-1,-1,0.995,400,200,30,1,42,700.0,700.0,0.0,0.0,23.9547
airland1,10,700.0,12,a+Ni+Im-Ms-,1,1,-1,-1,0.995,400,200,30,2,55,700.0,700.0,0.0,0.0,22.0515
airland1,10,700.0,13,a+Ni+Im-Ms+,1,1,-1,1,0.995,400,200,180,1,42,700.0,700.0,0.0,0.0,44.3116
airland1,10,700.0,13,a+Ni+Im-Ms+,1,1,-1,1,0.995,400,200,180,2,55,700.0,700.0,0.0,0.0,42.2757
airland1,10,700.0,14,a+Ni+Im+Ms-,1,1,1,-1,0.995,400,1200,30,1,42,700.0,700.0,0.0,0.0,14.9786
airland1,10,700.0,14,a+Ni+Im+Ms-,1,1,1,-1,0.995,400,1200,30,2,55,700.0,700.0,0.0,0.0,14.9548
airland1,10,700.0,15,a+Ni+Im+Ms+,1,1,1,1,0.995,400,1200,180,1,42,700.0,700.0,0.0,0.0,59.9627
airland1,10,700.0,15,a+Ni+Im+Ms+,1,1,1,1,0.995,400,1200,180,2,55,700.0,700.0,0.0,0.0,59.985
airland1,10,700.0,16,CENTER,0,0,0,0,0.98,200,600,100,1,42,700.0,700.0,0.0,0.0,27.102
airland1,10,700.0,16,CENTER,0,0,0,0,0.98,200,600,100,2,55,700.0,700.0,0.0,0.0,25.0494
airland2,15,1480.0,0,a-Ni-Im-Ms-,-1,-1,-1,-1,0.95,80,200,30,1,42,1480.0,1480.0,0.0,2.1569,6.2324
airland2,15,1480.0,0,a-Ni-Im-Ms-,-1,-1,-1,-1,0.95,80,200,30,2,55,1480.0,1480.0,0.0,2.3312,6.4248
airland2,15,1480.0,1,a-Ni-Im-Ms+,-1,-1,-1,1,0.95,80,200,180,1,42,1480.0,1480.0,0.0,2.2539,13.1487
airland2,15,1480.0,1,a-Ni-Im-Ms+,-1,-1,-1,1,0.95,80,200,180,2,55,1480.0,1480.0,0.0,2.2761,12.2426
airland2,15,1480.0,2,a-Ni-Im+Ms-,-1,-1,1,-1,0.95,80,1200,30,1,42,1480.0,1480.0,0.0,1.9599,5.7839
airland2,15,1480.0,2,a-Ni-Im+Ms-,-1,-1,1,-1,0.95,80,1200,30,2,55,1480.0,1480.0,0.0,2.3145,6.4411
airland2,15,1480.0,3,a-Ni-Im+Ms+,-1,-1,1,1,0.95,80,1200,180,1,42,1480.0,1480.0,0.0,1.3734,28.7179
airland2,15,1480.0,3,a-Ni-Im+Ms+,-1,-1,1,1,0.95,80,1200,180,2,55,1480.0,1480.0,0.0,1.5122,22.7357
airland2,15,1480.0,4,a-Ni+Im-Ms-,-1,1,-1,-1,0.95,400,200,30,1,42,1480.0,1480.0,0.0,10.3469,24.8344
airland2,15,1480.0,4,a-Ni+Im-Ms-,-1,1,-1,-1,0.95,400,200,30,2,55,1480.0,1480.0,0.0,9.9085,22.3377
airland2,15,1480.0,5,a-Ni+Im-Ms+,-1,1,-1,1,0.95,400,200,180,1,42,1480.0,1480.0,0.0,11.2911,48.4274
airland2,15,1480.0,5,a-Ni+Im-Ms+,-1,1,-1,1,0.95,400,200,180,2,55,1480.0,1480.0,0.0,11.174,49.001
airland2,15,1480.0,6,a-Ni+Im+Ms-,-1,1,1,-1,0.95,400,1200,30,1,42,1480.0,1480.0,0.0,10.3461,27.6591
airland2,15,1480.0,6,a-Ni+Im+Ms-,-1,1,1,-1,0.95,400,1200,30,2,55,1480.0,1480.0,0.0,10.6303,27.601
airland2,15,1480.0,7,a-Ni+Im+Ms+,-1,1,1,1,0.95,400,1200,180,1,42,1480.0,1480.0,0.0,11.2696,59.8958
airland2,15,1480.0,7,a-Ni+Im+Ms+,-1,1,1,1,0.95,400,1200,180,2,55,1480.0,1480.0,0.0,11.0277,60.05
airland2,15,1480.0,8,a+Ni-Im-Ms-,1,-1,-1,-1,0.995,80,200,30,1,42,1480.0,1480.0,0.0,2.4748,6.2935
airland2,15,1480.0,8,a+Ni-Im-Ms-,1,-1,-1,-1,0.995,80,200,30,2,55,1480.0,1480.0,0.0,3.4889,7.3293
airland2,15,1480.0,9,a+Ni-Im-Ms+,1,-1,-1,1,0.995,80,200,180,1,42,1480.0,1480.0,0.0,3.1596,13.1072
airland2,15,1480.0,9,a+Ni-Im-Ms+,1,-1,-1,1,0.995,80,200,180,2,55,1480.0,1480.0,0.0,2.659,10.7034
airland2,15,1480.0,10,a+Ni-Im+Ms-,1,-1,1,-1,0.995,80,1200,30,1,42,1480.0,1480.0,0.0,2.9273,6.7816
airland2,15,1480.0,10,a+Ni-Im+Ms-,1,-1,1,-1,0.995,80,1200,30,2,55,1480.0,1480.0,0.0,3.4728,7.2953
airland2,15,1480.0,11,a+Ni-Im+Ms+,1,-1,1,1,0.995,80,1200,180,1,42,1480.0,1480.0,0.0,3.1587,36.5438
airland2,15,1480.0,11,a+Ni-Im+Ms+,1,-1,1,1,0.995,80,1200,180,2,55,1480.0,1480.0,0.0,2.6411,26.4077
airland2,15,1480.0,12,a+Ni+Im-Ms-,1,1,-1,-1,0.995,400,200,30,1,42,1480.0,1480.0,0.0,11.9122,30.3667
airland2,15,1480.0,12,a+Ni+Im-Ms-,1,1,-1,-1,0.995,400,200,30,2,55,1480.0,1480.0,0.0,8.3497,20.2134
airland2,15,1480.0,13,a+Ni+Im-Ms+,1,1,-1,1,0.995,400,200,180,1,42,1480.0,1480.0,0.0,10.9366,41.37
airland2,15,1480.0,13,a+Ni+Im-Ms+,1,1,-1,1,0.995,400,200,180,2,55,1480.0,1480.0,0.0,7.8253,47.5419
airland2,15,1480.0,14,a+Ni+Im+Ms-,1,1,1,-1,0.995,400,1200,30,1,42,1480.0,1480.0,0.0,12.0008,25.534
airland2,15,1480.0,14,a+Ni+Im+Ms-,1,1,1,-1,0.995,400,1200,30,2,55,1480.0,1480.0,0.0,13.4034,28.9387
airland2,15,1480.0,15,a+Ni+Im+Ms+,1,1,1,1,0.995,400,1200,180,1,42,1480.0,1480.0,0.0,10.4976,59.9147
airland2,15,1480.0,15,a+Ni+Im+Ms+,1,1,1,1,0.995,400,1200,180,2,55,1480.0,1480.0,0.0,12.4323,59.8968
airland2,15,1480.0,16,CENTER,0,0,0,0,0.98,200,600,100,1,42,1480.0,1480.0,0.0,8.2122,40.2299
airland2,15,1480.0,16,CENTER,0,0,0,0,0.98,200,600,100,2,55,1480.0,1480.0,0.0,6.1987,37.8173
airland3,20,820.0,0,a-Ni-Im-Ms-,-1,-1,-1,-1,0.95,80,200,30,1,42,820.0,820.0,0.0,3.6542,8.0009
airland3,20,820.0,0,a-Ni-Im-Ms-,-1,-1,-1,-1,0.95,80,200,30,2,55,820.0,820.0,0.0,2.9946,7.4687
airland3,20,820.0,1,a-Ni-Im-Ms+,-1,-1,-1,1,0.95,80,200,180,1,42,820.0,820.0,0.0,3.6272,14.4405
airland3,20,820.0,1,a-Ni-Im-Ms+,-1,-1,-1,1,0.95,80,200,180,2,55,820.0,820.0,0.0,2.9398,14.3527
airland3,20,820.0,2,a-Ni-Im+Ms-,-1,-1,1,-1,0.95,80,1200,30,1,42,820.0,820.0,0.0,3.4157,7.3831
airland3,20,820.0,2,a-Ni-Im+Ms-,-1,-1,1,-1,0.95,80,1200,30,2,55,820.0,820.0,0.0,2.9824,7.4517
airland3,20,820.0,3,a-Ni-Im+Ms+,-1,-1,1,1,0.95,80,1200,180,1,42,820.0,820.0,0.0,3.6154,39.5589
airland3,20,820.0,3,a-Ni-Im+Ms+,-1,-1,1,1,0.95,80,1200,180,2,55,820.0,820.0,0.0,2.929,40.0311
airland3,20,820.0,4,a-Ni+Im-Ms-,-1,1,-1,-1,0.95,400,200,30,1,42,820.0,820.0,0.0,14.8755,32.6006
airland3,20,820.0,4,a-Ni+Im-Ms-,-1,1,-1,-1,0.95,400,200,30,2,55,820.0,820.0,0.0,14.3214,34.9188
airland3,20,820.0,5,a-Ni+Im-Ms+,-1,1,-1,1,0.95,400,200,180,1,42,820.0,820.0,0.0,14.1321,58.5474
airland3,20,820.0,5,a-Ni+Im-Ms+,-1,1,-1,1,0.95,400,200,180,2,55,820.0,820.0,0.0,12.6634,51.2165
airland3,20,820.0,6,a-Ni+Im+Ms-,-1,1,1,-1,0.95,400,1200,30,1,42,820.0,820.0,0.0,9.2103,22.0304
airland3,20,820.0,6,a-Ni+Im+Ms-,-1,1,1,-1,0.95,400,1200,30,2,55,820.0,820.0,0.0,13.3609,33.7544
airland3,20,820.0,7,a-Ni+Im+Ms+,-1,1,1,1,0.95,400,1200,180,1,42,820.0,820.0,0.0,8.7325,59.9872
airland3,20,820.0,7,a-Ni+Im+Ms+,-1,1,1,1,0.95,400,1200,180,2,55,820.0,820.0,0.0,10.8206,59.9784
airland3,20,820.0,8,a+Ni-Im-Ms-,1,-1,-1,-1,0.995,80,200,30,1,42,820.0,820.0,0.0,3.8066,8.0998
airland3,20,820.0,8,a+Ni-Im-Ms-,1,-1,-1,-1,0.995,80,200,30,2,55,820.0,820.0,0.0,3.5942,7.5561
airland3,20,820.0,9,a+Ni-Im-Ms+,1,-1,-1,1,0.995,80,200,180,1,42,820.0,820.0,0.0,3.1391,11.9471
airland3,20,820.0,9,a+Ni-Im-Ms+,1,-1,-1,1,0.995,80,200,180,2,55,820.0,820.0,0.0,2.0664,9.0247
airland3,20,820.0,10,a+Ni-Im+Ms-,1,-1,1,-1,0.995,80,1200,30,1,42,820.0,820.0,0.0,3.5478,7.5092
airland3,20,820.0,10,a+Ni-Im+Ms-,1,-1,1,-1,0.995,80,1200,30,2,55,820.0,820.0,0.0,3.8676,8.2109
airland3,20,820.0,11,a+Ni-Im+Ms+,1,-1,1,1,0.995,80,1200,180,1,42,820.0,820.0,0.0,3.5133,40.5023
airland3,20,820.0,11,a+Ni-Im+Ms+,1,-1,1,1,0.995,80,1200,180,2,55,820.0,820.0,0.0,3.4313,29.5356
airland3,20,820.0,12,a+Ni+Im-Ms-,1,1,-1,-1,0.995,400,200,30,1,42,820.0,820.0,0.0,10.2185,23.2386
airland3,20,820.0,12,a+Ni+Im-Ms-,1,1,-1,-1,0.995,400,200,30,2,55,820.0,820.0,0.0,14.8617,27.687
airland3,20,820.0,13,a+Ni+Im-Ms+,1,1,-1,1,0.995,400,200,180,1,42,820.0,820.0,0.0,15.1305,50.69
airland3,20,820.0,13,a+Ni+Im-Ms+,1,1,-1,1,0.995,400,200,180,2,55,820.0,820.0,0.0,16.9042,58.9261
airland3,20,820.0,14,a+Ni+Im+Ms-,1,1,1,-1,0.995,400,1200,30,1,42,820.0,820.0,0.0,15.6774,35.6661
airland3,20,820.0,14,a+Ni+Im+Ms-,1,1,1,-1,0.995,400,1200,30,2,55,820.0,820.0,0.0,16.565,29.3102
airland3,20,820.0,15,a+Ni+Im+Ms+,1,1,1,1,0.995,400,1200,180,1,42,820.0,820.0,0.0,14.8324,59.9914
airland3,20,820.0,15,a+Ni+Im+Ms+,1,1,1,1,0.995,400,1200,180,2,55,820.0,820.0,0.0,10.3709,60.0097
airland3,20,820.0,16,CENTER,0,0,0,0,0.98,200,600,100,1,42,820.0,820.0,0.0,4.9118,45.3052
airland3,20,820.0,16,CENTER,0,0,0,0,0.98,200,600,100,2,55,820.0,820.0,0.0,7.9005,46.853
airland4,20,2520.0,0,a-Ni-Im-Ms-,-1,-1,-1,-1,0.95,80,200,30,1,42,2520.0,2520.0,0.0,0.0,6.8045
airland4,20,2520.0,0,a-Ni-Im-Ms-,-1,-1,-1,-1,0.95,80,200,30,2,55,2520.0,2520.0,0.0,0.0,6.8153
airland4,20,2520.0,1,a-Ni-Im-Ms+,-1,-1,-1,1,0.95,80,200,180,1,42,2520.0,2520.0,0.0,0.0,14.6337
airland4,20,2520.0,1,a-Ni-Im-Ms+,-1,-1,-1,1,0.95,80,200,180,2,55,2520.0,2520.0,0.0,0.0,9.1507
airland4,20,2520.0,2,a-Ni-Im+Ms-,-1,-1,1,-1,0.95,80,1200,30,1,42,2520.0,2520.0,0.0,0.0,6.2513
airland4,20,2520.0,2,a-Ni-Im+Ms-,-1,-1,1,-1,0.95,80,1200,30,2,55,2520.0,2520.0,0.0,0.0,6.2474
airland4,20,2520.0,3,a-Ni-Im+Ms+,-1,-1,1,1,0.95,80,1200,180,1,42,2520.0,2520.0,0.0,0.0,32.254
airland4,20,2520.0,3,a-Ni-Im+Ms+,-1,-1,1,1,0.95,80,1200,180,2,55,2520.0,2520.0,0.0,0.0,36.4291
airland4,20,2520.0,4,a-Ni+Im-Ms-,-1,1,-1,-1,0.95,400,200,30,1,42,2520.0,2520.0,0.0,0.0,31.8992
airland4,20,2520.0,4,a-Ni+Im-Ms-,-1,1,-1,-1,0.95,400,200,30,2,55,2520.0,2520.0,0.0,0.0,19.8715
airland4,20,2520.0,5,a-Ni+Im-Ms+,-1,1,-1,1,0.95,400,200,180,1,42,2520.0,2520.0,0.0,0.0,45.7021
airland4,20,2520.0,5,a-Ni+Im-Ms+,-1,1,-1,1,0.95,400,200,180,2,55,2520.0,2520.0,0.0,0.0,43.1722
airland4,20,2520.0,6,a-Ni+Im+Ms-,-1,1,1,-1,0.95,400,1200,30,1,42,2520.0,2520.0,0.0,0.0,31.8774
airland4,20,2520.0,6,a-Ni+Im+Ms-,-1,1,1,-1,0.95,400,1200,30,2,55,2520.0,2520.0,0.0,0.0,31.8488
airland4,20,2520.0,7,a-Ni+Im+Ms+,-1,1,1,1,0.95,400,1200,180,1,42,2520.0,2520.0,0.0,0.0,59.9092
airland4,20,2520.0,7,a-Ni+Im+Ms+,-1,1,1,1,0.95,400,1200,180,2,55,2520.0,2520.0,0.0,0.0,59.9462
airland4,20,2520.0,8,a+Ni-Im-Ms-,1,-1,-1,-1,0.995,80,200,30,1,42,2520.0,2520.0,0.0,0.0,6.7616
airland4,20,2520.0,8,a+Ni-Im-Ms-,1,-1,-1,-1,0.995,80,200,30,2,55,2520.0,2520.0,0.0,0.0,6.2521
airland4,20,2520.0,9,a+Ni-Im-Ms+,1,-1,-1,1,0.995,80,200,180,1,42,2520.0,2520.0,0.0,0.0,14.6102
airland4,20,2520.0,9,a+Ni-Im-Ms+,1,-1,-1,1,0.995,80,200,180,2,55,2520.0,2520.0,0.0,0.0,14.6999
airland4,20,2520.0,10,a+Ni-Im+Ms-,1,-1,1,-1,0.995,80,1200,30,1,42,2520.0,2520.0,0.0,0.0,6.7571
airland4,20,2520.0,10,a+Ni-Im+Ms-,1,-1,1,-1,0.995,80,1200,30,2,55,2520.0,2520.0,0.0,0.0,6.7425
airland4,20,2520.0,11,a+Ni-Im+Ms+,1,-1,1,1,0.995,80,1200,180,1,42,2520.0,2520.0,0.0,0.0,37.8998
airland4,20,2520.0,11,a+Ni-Im+Ms+,1,-1,1,1,0.995,80,1200,180,2,55,2520.0,2520.0,0.0,0.0,25.7075
airland4,20,2520.0,12,a+Ni+Im-Ms-,1,1,-1,-1,0.995,400,200,30,1,42,2520.0,2520.0,0.0,0.0,31.4718
airland4,20,2520.0,12,a+Ni+Im-Ms-,1,1,-1,-1,0.995,400,200,30,2,55,2520.0,2520.0,0.0,0.0,23.2716
airland4,20,2520.0,13,a+Ni+Im-Ms+,1,1,-1,1,0.995,400,200,180,1,42,2520.0,2520.0,0.0,0.0,48.4211
airland4,20,2520.0,13,a+Ni+Im-Ms+,1,1,-1,1,0.995,400,200,180,2,55,2520.0,2520.0,0.0,0.0,52.1989
airland4,20,2520.0,14,a+Ni+Im+Ms-,1,1,1,-1,0.995,400,1200,30,1,42,2520.0,2520.0,0.0,0.0,23.8931
airland4,20,2520.0,14,a+Ni+Im+Ms-,1,1,1,-1,0.995,400,1200,30,2,55,2520.0,2520.0,0.0,0.0,20.2786
airland4,20,2520.0,15,a+Ni+Im+Ms+,1,1,1,1,0.995,400,1200,180,1,42,2520.0,2520.0,0.0,0.0,59.9049
airland4,20,2520.0,15,a+Ni+Im+Ms+,1,1,1,1,0.995,400,1200,180,2,55,2520.0,2520.0,0.0,0.0,59.9603
airland4,20,2520.0,16,CENTER,0,0,0,0,0.98,200,600,100,1,42,2520.0,2520.0,0.0,0.0,40.8069
airland4,20,2520.0,16,CENTER,0,0,0,0,0.98,200,600,100,2,55,2520.0,2520.0,0.0,0.0,42.961
airland5,20,3100.0,0,a-Ni-Im-Ms-,-1,-1,-1,-1,0.95,80,200,30,1,42,3100.0,3100.0,0.0,3.1612,7.8788
airland5,20,3100.0,0,a-Ni-Im-Ms-,-1,-1,-1,-1,0.95,80,200,30,2,55,3100.0,3100.0,0.0,3.1807,10.0732
airland5,20,3100.0,1,a-Ni-Im-Ms+,-1,-1,-1,1,0.95,80,200,180,1,42,3100.0,3100.0,0.0,2.432,12.9432
airland5,20,3100.0,1,a-Ni-Im-Ms+,-1,-1,-1,1,0.95,80,200,180,2,55,3100.0,3100.0,0.0,3.1806,14.7909
airland5,20,3100.0,2,a-Ni-Im+Ms-,-1,-1,1,-1,0.95,80,1200,30,1,42,3100.0,3100.0,0.0,2.8718,7.1725
airland5,20,3100.0,2,a-Ni-Im+Ms-,-1,-1,1,-1,0.95,80,1200,30,2,55,3100.0,3100.0,0.0,3.2044,10.0856
airland5,20,3100.0,3,a-Ni-Im+Ms+,-1,-1,1,1,0.95,80,1200,180,1,42,3100.0,3100.0,0.0,3.3315,41.743
airland5,20,3100.0,3,a-Ni-Im+Ms+,-1,-1,1,1,0.95,80,1200,180,2,55,3100.0,3100.0,0.0,1.9261,25.8847
airland5,20,3100.0,4,a-Ni+Im-Ms-,-1,1,-1,-1,0.95,400,200,30,1,42,3100.0,3100.0,0.0,13.6414,45.1099
airland5,20,3100.0,4,a-Ni+Im-Ms-,-1,1,-1,-1,0.95,400,200,30,2,55,3100.0,3100.0,0.0,13.8771,41.7674
airland5,20,3100.0,5,a-Ni+Im-Ms+,-1,1,-1,1,0.95,400,200,180,1,42,3100.0,3100.0,0.0,12.8663,56.6202
airland5,20,3100.0,5,a-Ni+Im-Ms+,-1,1,-1,1,0.95,400,200,180,2,55,3100.0,3100.0,0.0,13.5342,59.9253
airland5,20,3100.0,6,a-Ni+Im+Ms-,-1,1,1,-1,0.95,400,1200,30,1,42,3100.0,3100.0,0.0,8.5262,30.4361
airland5,20,3100.0,6,a-Ni+Im+Ms-,-1,1,1,-1,0.95,400,1200,30,2,55,3100.0,3100.0,0.0,12.4684,32.994
airland5,20,3100.0,7,a-Ni+Im+Ms+,-1,1,1,1,0.95,400,1200,180,1,42,3100.0,3100.0,0.0,12.8663,59.9022
airland5,20,3100.0,7,a-Ni+Im+Ms+,-1,1,1,1,0.95,400,1200,180,2,55,3100.0,3100.0,0.0,8.2955,59.9498
airland5,20,3100.0,8,a+Ni-Im-Ms-,1,-1,-1,-1,0.995,80,200,30,1,42,3100.0,3100.0,0.0,3.6451,8.38
airland5,20,3100.0,8,a+Ni-Im-Ms-,1,-1,-1,-1,0.995,80,200,30,2,55,3100.0,3100.0,0.0,4.1049,8.832
airland5,20,3100.0,9,a+Ni-Im-Ms+,1,-1,-1,1,0.995,80,200,180,1,42,3100.0,3100.0,0.0,3.2784,14.9731
airland5,20,3100.0,9,a+Ni-Im-Ms+,1,-1,-1,1,0.995,80,200,180,2,55,3100.0,3100.0,0.0,4.0427,14.9852
airland5,20,3100.0,10,a+Ni-Im+Ms-,1,-1,1,-1,0.995,80,1200,30,1,42,3100.0,3100.0,0.0,3.8661,8.6244
airland5,20,3100.0,10,a+Ni-Im+Ms-,1,-1,1,-1,0.995,80,1200,30,2,55,3100.0,3100.0,0.0,4.0801,8.8189
airland5,20,3100.0,11,a+Ni-Im+Ms+,1,-1,1,1,0.995,80,1200,180,1,42,3100.0,3100.0,0.0,3.1255,41.5971
airland5,20,3100.0,11,a+Ni-Im+Ms+,1,-1,1,1,0.995,80,1200,180,2,55,3100.0,3100.0,0.0,2.3245,26.3947
airland5,20,3100.0,12,a+Ni+Im-Ms-,1,1,-1,-1,0.995,400,200,30,1,42,3100.0,3100.0,0.0,14.5794,28.0024
airland5,20,3100.0,12,a+Ni+Im-Ms-,1,1,-1,-1,0.995,400,200,30,2,55,3100.0,3100.0,0.0,15.8272,28.9727
airland5,20,3100.0,13,a+Ni+Im-Ms+,1,1,-1,1,0.995,400,200,180,1,42,3100.0,3100.0,0.0,16.4529,55.5116
airland5,20,3100.0,13,a+Ni+Im-Ms+,1,1,-1,1,0.995,400,200,180,2,55,3100.0,3100.0,0.0,13.7171,55.5427
airland5,20,3100.0,14,a+Ni+Im+Ms-,1,1,1,-1,0.995,400,1200,30,1,42,3100.0,3100.0,0.0,11.7475,24.9579
airland5,20,3100.0,14,a+Ni+Im+Ms-,1,1,1,-1,0.995,400,1200,30,2,55,3100.0,3100.0,0.0,17.8383,38.5434
airland5,20,3100.0,15,a+Ni+Im+Ms+,1,1,1,1,0.995,400,1200,180,1,42,3100.0,3100.0,0.0,16.0324,59.9729
airland5,20,3100.0,15,a+Ni+Im+Ms+,1,1,1,1,0.995,400,1200,180,2,55,3100.0,3100.0,0.0,14.1846,59.9419
airland5,20,3100.0,16,CENTER,0,0,0,0,0.98,200,600,100,1,42,3100.0,3100.0,0.0,7.6173,54.5228
airland5,20,3100.0,16,CENTER,0,0,0,0,0.98,200,600,100,2,55,3100.0,3100.0,0.0,7.6751,43.1427
airland6,30,24442.0,0,a-Ni-Im-Ms-,-1,-1,-1,-1,0.95,80,200,30,1,42,24442.0,24442.0,0.0,0.0,0.1263
airland6,30,24442.0,0,a-Ni-Im-Ms-,-1,-1,-1,-1,0.95,80,200,30,2,55,24442.0,24442.0,0.0,0.0,0.1192
airland6,30,24442.0,1,a-Ni-Im-Ms+,-1,-1,-1,1,0.95,80,200,180,1,42,24442.0,24442.0,0.0,0.0,0.119
airland6,30,24442.0,1,a-Ni-Im-Ms+,-1,-1,-1,1,0.95,80,200,180,2,55,24442.0,24442.0,0.0,0.0,0.1091
airland6,30,24442.0,2,a-Ni-Im+Ms-,-1,-1,1,-1,0.95,80,1200,30,1,42,24442.0,24442.0,0.0,0.0,0.0704
airland6,30,24442.0,2,a-Ni-Im+Ms-,-1,-1,1,-1,0.95,80,1200,30,2,55,24442.0,24442.0,0.0,0.0,0.1207
airland6,30,24442.0,3,a-Ni-Im+Ms+,-1,-1,1,1,0.95,80,1200,180,1,42,24442.0,24442.0,0.0,0.0,0.1247
airland6,30,24442.0,3,a-Ni-Im+Ms+,-1,-1,1,1,0.95,80,1200,180,2,55,24442.0,24442.0,0.0,0.0,0.1092
airland6,30,24442.0,4,a-Ni+Im-Ms-,-1,1,-1,-1,0.95,400,200,30,1,42,24442.0,24442.0,0.0,0.0,0.349
airland6,30,24442.0,4,a-Ni+Im-Ms-,-1,1,-1,-1,0.95,400,200,30,2,55,24442.0,24442.0,0.0,0.0,0.3521
airland6,30,24442.0,5,a-Ni+Im-Ms+,-1,1,-1,1,0.95,400,200,180,1,42,24442.0,24442.0,0.0,0.0,0.2053
airland6,30,24442.0,5,a-Ni+Im-Ms+,-1,1,-1,1,0.95,400,200,180,2,55,24442.0,24442.0,0.0,0.0,0.3049
airland6,30,24442.0,6,a-Ni+Im+Ms-,-1,1,1,-1,0.95,400,1200,30,1,42,24442.0,24442.0,0.0,0.0,0.372
airland6,30,24442.0,6,a-Ni+Im+Ms-,-1,1,1,-1,0.95,400,1200,30,2,55,24442.0,24442.0,0.0,0.0,0.2096
airland6,30,24442.0,7,a-Ni+Im+Ms+,-1,1,1,1,0.95,400,1200,180,1,42,24442.0,24442.0,0.0,0.0,0.297
airland6,30,24442.0,7,a-Ni+Im+Ms+,-1,1,1,1,0.95,400,1200,180,2,55,24442.0,24442.0,0.0,0.0,0.31
airland6,30,24442.0,8,a+Ni-Im-Ms-,1,-1,-1,-1,0.995,80,200,30,1,42,24442.0,24442.0,0.0,0.0,0.1388
airland6,30,24442.0,8,a+Ni-Im-Ms-,1,-1,-1,-1,0.995,80,200,30,2,55,24442.0,24442.0,0.0,0.0,0.1295
airland6,30,24442.0,9,a+Ni-Im-Ms+,1,-1,-1,1,0.995,80,200,180,1,42,24442.0,24442.0,0.0,0.0,0.1374
airland6,30,24442.0,9,a+Ni-Im-Ms+,1,-1,-1,1,0.995,80,200,180,2,55,24442.0,24442.0,0.0,0.0,0.1419
airland6,30,24442.0,10,a+Ni-Im+Ms-,1,-1,1,-1,0.995,80,1200,30,1,42,24442.0,24442.0,0.0,0.0,0.0752
airland6,30,24442.0,10,a+Ni-Im+Ms-,1,-1,1,-1,0.995,80,1200,30,2,55,24442.0,24442.0,0.0,0.0,0.1269
airland6,30,24442.0,11,a+Ni-Im+Ms+,1,-1,1,1,0.995,80,1200,180,1,42,24442.0,24442.0,0.0,0.0,0.078
airland6,30,24442.0,11,a+Ni-Im+Ms+,1,-1,1,1,0.995,80,1200,180,2,55,24442.0,24442.0,0.0,0.0,0.141
airland6,30,24442.0,12,a+Ni+Im-Ms-,1,1,-1,-1,0.995,400,200,30,1,42,24442.0,24442.0,0.0,0.0,0.4217
airland6,30,24442.0,12,a+Ni+Im-Ms-,1,1,-1,-1,0.995,400,200,30,2,55,24442.0,24442.0,0.0,0.0,0.4003
airland6,30,24442.0,13,a+Ni+Im-Ms+,1,1,-1,1,0.995,400,200,180,1,42,24442.0,24442.0,0.0,0.0,0.2822
airland6,30,24442.0,13,a+Ni+Im-Ms+,1,1,-1,1,0.995,400,200,180,2,55,24442.0,24442.0,0.0,0.0,0.2833
airland6,30,24442.0,14,a+Ni+Im+Ms-,1,1,1,-1,0.995,400,1200,30,1,42,24442.0,24442.0,0.0,0.0,0.2508
airland6,30,24442.0,14,a+Ni+Im+Ms-,1,1,1,-1,0.995,400,1200,30,2,55,24442.0,24442.0,0.0,0.0,0.2498
airland6,30,24442.0,15,a+Ni+Im+Ms+,1,1,1,1,0.995,400,1200,180,1,42,24442.0,24442.0,0.0,0.0,0.2299
airland6,30,24442.0,15,a+Ni+Im+Ms+,1,1,1,1,0.995,400,1200,180,2,55,24442.0,24442.0,0.0,0.0,0.3183
airland6,30,24442.0,16,CENTER,0,0,0,0,0.98,200,600,100,1,42,24442.0,24442.0,0.0,0.0,0.1343
airland6,30,24442.0,16,CENTER,0,0,0,0,0.98,200,600,100,2,55,24442.0,24442.0,0.0,0.0,0.1946
airland7,44,1550.0,0,a-Ni-Im-Ms-,-1,-1,-1,-1,0.95,80,200,30,1,42,1550.0,1550.0,0.0,0.0,0.3504
airland7,44,1550.0,0,a-Ni-Im-Ms-,-1,-1,-1,-1,0.95,80,200,30,2,55,1550.0,1550.0,0.0,0.0,0.3843
airland7,44,1550.0,1,a-Ni-Im-Ms+,-1,-1,-1,1,0.95,80,200,180,1,42,1550.0,1550.0,0.0,0.0,0.8054
airland7,44,1550.0,1,a-Ni-Im-Ms+,-1,-1,-1,1,0.95,80,200,180,2,55,1550.0,1550.0,0.0,0.0,0.8385
airland7,44,1550.0,2,a-Ni-Im+Ms-,-1,-1,1,-1,0.95,80,1200,30,1,42,1550.0,1550.0,0.0,0.0,0.3601
airland7,44,1550.0,2,a-Ni-Im+Ms-,-1,-1,1,-1,0.95,80,1200,30,2,55,1550.0,1550.0,0.0,0.0,0.3744
airland7,44,1550.0,3,a-Ni-Im+Ms+,-1,-1,1,1,0.95,80,1200,180,1,42,1550.0,1550.0,0.0,0.0,1.6827
airland7,44,1550.0,3,a-Ni-Im+Ms+,-1,-1,1,1,0.95,80,1200,180,2,55,1550.0,1550.0,0.0,0.0,1.662
airland7,44,1550.0,4,a-Ni+Im-Ms-,-1,1,-1,-1,0.95,400,200,30,1,42,1550.0,1550.0,0.0,0.0,1.5228
airland7,44,1550.0,4,a-Ni+Im-Ms-,-1,1,-1,-1,0.95,400,200,30,2,55,1550.0,1550.0,0.0,0.0,1.1879
airland7,44,1550.0,5,a-Ni+Im-Ms+,-1,1,-1,1,0.95,400,200,180,1,42,1550.0,1550.0,0.0,0.0,1.1876
airland7,44,1550.0,5,a-Ni+Im-Ms+,-1,1,-1,1,0.95,400,200,180,2,55,1550.0,1550.0,0.0,0.0,1.4546
airland7,44,1550.0,6,a-Ni+Im+Ms-,-1,1,1,-1,0.95,400,1200,30,1,42,1550.0,1550.0,0.0,0.0,1.483
airland7,44,1550.0,6,a-Ni+Im+Ms-,-1,1,1,-1,0.95,400,1200,30,2,55,1550.0,1550.0,0.0,0.0,1.5174
airland7,44,1550.0,7,a-Ni+Im+Ms+,-1,1,1,1,0.95,400,1200,180,1,42,1550.0,1550.0,0.0,0.0,1.0017
airland7,44,1550.0,7,a-Ni+Im+Ms+,-1,1,1,1,0.95,400,1200,180,2,55,1550.0,1550.0,0.0,0.0,1.5643
airland7,44,1550.0,8,a+Ni-Im-Ms-,1,-1,-1,-1,0.995,80,200,30,1,42,1550.0,1550.0,0.0,0.0,0.356
airland7,44,1550.0,8,a+Ni-Im-Ms-,1,-1,-1,-1,0.995,80,200,30,2,55,1550.0,1550.0,0.0,0.0,0.3797
airland7,44,1550.0,9,a+Ni-Im-Ms+,1,-1,-1,1,0.995,80,200,180,1,42,1550.0,1550.0,0.0,0.0,0.4702
airland7,44,1550.0,9,a+Ni-Im-Ms+,1,-1,-1,1,0.995,80,200,180,2,55,1550.0,1550.0,0.0,0.0,0.3638
airland7,44,1550.0,10,a+Ni-Im+Ms-,1,-1,1,-1,0.995,80,1200,30,1,42,1550.0,1550.0,0.0,0.0,0.3506
airland7,44,1550.0,10,a+Ni-Im+Ms-,1,-1,1,-1,0.995,80,1200,30,2,55,1550.0,1550.0,0.0,0.0,0.3781
airland7,44,1550.0,11,a+Ni-Im+Ms+,1,-1,1,1,0.995,80,1200,180,1,42,1550.0,1550.0,0.0,0.0,1.1794
airland7,44,1550.0,11,a+Ni-Im+Ms+,1,-1,1,1,0.995,80,1200,180,2,55,1550.0,1550.0,0.0,0.0,0.6289
airland7,44,1550.0,12,a+Ni+Im-Ms-,1,1,-1,-1,0.995,400,200,30,1,42,1550.0,1550.0,0.0,0.0,1.205
airland7,44,1550.0,12,a+Ni+Im-Ms-,1,1,-1,-1,0.995,400,200,30,2,55,1550.0,1550.0,0.0,0.0,1.4868
airland7,44,1550.0,13,a+Ni+Im-Ms+,1,1,-1,1,0.995,400,200,180,1,42,1550.0,1550.0,0.0,0.0,1.4185
airland7,44,1550.0,13,a+Ni+Im-Ms+,1,1,-1,1,0.995,400,200,180,2,55,1550.0,1550.0,0.0,0.0,1.4453
airland7,44,1550.0,14,a+Ni+Im+Ms-,1,1,1,-1,0.995,400,1200,30,1,42,1550.0,1550.0,0.0,0.0,1.0764
airland7,44,1550.0,14,a+Ni+Im+Ms-,1,1,1,-1,0.995,400,1200,30,2,55,1550.0,1550.0,0.0,0.0,1.4846
airland7,44,1550.0,15,a+Ni+Im+Ms+,1,1,1,1,0.995,400,1200,180,1,42,1550.0,1550.0,0.0,0.0,1.5221
airland7,44,1550.0,15,a+Ni+Im+Ms+,1,1,1,1,0.995,400,1200,180,2,55,1550.0,1550.0,0.0,0.0,1.3812
airland7,44,1550.0,16,CENTER,0,0,0,0,0.98,200,600,100,1,42,1550.0,1550.0,0.0,0.0,0.5047
airland7,44,1550.0,16,CENTER,0,0,0,0,0.98,200,600,100,2,55,1550.0,1550.0,0.0,0.0,0.7382
airland8,50,1950.0,0,a-Ni-Im-Ms-,-1,-1,-1,-1,0.95,80,200,30,1,42,1965.0,2010.0,3.0769,12.7309,16.1169
airland8,50,1950.0,0,a-Ni-Im-Ms-,-1,-1,-1,-1,0.95,80,200,30,2,55,2000.0,2245.0,15.1282,6.0912,12.0338
airland8,50,1950.0,1,a-Ni-Im-Ms+,-1,-1,-1,1,0.95,80,200,180,1,42,1860.0,1950.0,0.0,9.771,21.0792
airland8,50,1950.0,1,a-Ni-Im-Ms+,-1,-1,-1,1,0.95,80,200,180,2,55,1870.0,2020.0,3.5897,13.9713,22.3825
airland8,50,1950.0,2,a-Ni-Im+Ms-,-1,-1,1,-1,0.95,80,1200,30,1,42,1965.0,2010.0,3.0769,12.2056,14.3278
airland8,50,1950.0,2,a-Ni-Im+Ms-,-1,-1,1,-1,0.95,80,1200,30,2,55,2000.0,2245.0,15.1282,5.5874,10.9559
airland8,50,1950.0,3,a-Ni-Im+Ms+,-1,-1,1,1,0.95,80,1200,180,1,42,1860.0,1950.0,0.0,9.6943,50.7182
airland8,50,1950.0,3,a-Ni-Im+Ms+,-1,-1,1,1,0.95,80,1200,180,2,55,1860.0,1950.0,0.0,35.0281,59.8154
airland8,50,1950.0,4,a-Ni+Im-Ms-,-1,1,-1,-1,0.95,400,200,30,1,42,1860.0,1950.0,0.0,50.6388,60.0449
airland8,50,1950.0,4,a-Ni+Im-Ms-,-1,1,-1,-1,0.95,400,200,30,2,55,1860.0,1950.0,0.0,29.995,59.967
airland8,50,1950.0,5,a-Ni+Im-Ms+,-1,1,-1,1,0.95,400,200,180,1,42,1860.0,1950.0,0.0,56.1286,60.0363
airland8,50,1950.0,5,a-Ni+Im-Ms+,-1,1,-1,1,0.95,400,200,180,2,55,1860.0,1950.0,0.0,20.8301,60.1184
airland8,50,1950.0,6,a-Ni+Im+Ms-,-1,1,1,-1,0.95,400,1200,30,1,42,1860.0,1950.0,0.0,50.7384,60.0525
airland8,50,1950.0,6,a-Ni+Im+Ms-,-1,1,1,-1,0.95,400,1200,30,2,55,1860.0,1950.0,0.0,31.4498,59.8381
airland8,50,1950.0,7,a-Ni+Im+Ms+,-1,1,1,1,0.95,400,1200,180,1,42,1860.0,1950.0,0.0,55.2761,59.7771
airland8,50,1950.0,7,a-Ni+Im+Ms+,-1,1,1,1,0.95,400,1200,180,2,55,1860.0,1950.0,0.0,22.9932,59.8424
airland8,50,1950.0,8,a+Ni-Im-Ms-,1,-1,-1,-1,0.995,80,200,30,1,42,1860.0,1950.0,0.0,12.8578,16.2578
airland8,50,1950.0,8,a+Ni-Im-Ms-,1,-1,-1,-1,0.995,80,200,30,2,55,1860.0,1950.0,0.0,5.1375,7.2633
airland8,50,1950.0,9,a+Ni-Im-Ms+,1,-1,-1,1,0.995,80,200,180,1,42,1860.0,1950.0,0.0,18.3716,22.3059
airland8,50,1950.0,9,a+Ni-Im-Ms+,1,-1,-1,1,0.995,80,200,180,2,55,1870.0,2040.0,4.6154,11.1193,22.293
airland8,50,1950.0,10,a+Ni-Im+Ms-,1,-1,1,-1,0.995,80,1200,30,1,42,1860.0,1950.0,0.0,7.4692,9.5664
airland8,50,1950.0,10,a+Ni-Im+Ms-,1,-1,1,-1,0.995,80,1200,30,2,55,1860.0,1950.0,0.0,8.7315,12.2793
airland8,50,1950.0,11,a+Ni-Im+Ms+,1,-1,1,1,0.995,80,1200,180,1,42,1860.0,1950.0,0.0,14.8517,49.8056
airland8,50,1950.0,11,a+Ni-Im+Ms+,1,-1,1,1,0.995,80,1200,180,2,55,1860.0,1950.0,0.0,36.6146,59.7943
airland8,50,1950.0,12,a+Ni+Im-Ms-,1,1,-1,-1,0.995,400,200,30,1,42,1860.0,1950.0,0.0,40.1322,59.9484
airland8,50,1950.0,12,a+Ni+Im-Ms-,1,1,-1,-1,0.995,400,200,30,2,55,1860.0,1950.0,0.0,53.5651,60.0648
airland8,50,1950.0,13,a+Ni+Im-Ms+,1,1,-1,1,0.995,400,200,180,1,42,1860.0,1950.0,0.0,40.1007,60.0626
airland8,50,1950.0,13,a+Ni+Im-Ms+,1,1,-1,1,0.995,400,200,180,2,55,1870.0,2040.0,4.6154,41.4931,60.0716
airland8,50,1950.0,14,a+Ni+Im+Ms-,1,1,1,-1,0.995,400,1200,30,1,42,1860.0,1950.0,0.0,49.1938,60.0237
airland8,50,1950.0,14,a+Ni+Im+Ms-,1,1,1,-1,0.995,400,1200,30,2,55,1860.0,1950.0,0.0,32.0593,52.5386
airland8,50,1950.0,15,a+Ni+Im+Ms+,1,1,1,1,0.995,400,1200,180,1,42,1860.0,1950.0,0.0,33.9695,60.0403
airland8,50,1950.0,15,a+Ni+Im+Ms+,1,1,1,1,0.995,400,1200,180,2,55,1860.0,1950.0,0.0,51.9315,59.8908
airland8,50,1950.0,16,CENTER,0,0,0,0,0.98,200,600,100,1,42,1860.0,1950.0,0.0,17.087,59.8144
airland8,50,1950.0,16,CENTER,0,0,0,0,0.98,200,600,100,2,55,1860.0,1950.0,0.0,20.3847,59.9229
airland9,100,5611.7,0,a-Ni-Im-Ms-,-1,-1,-1,-1,0.95,80,200,30,1,42,5985.59,5985.59,6.6627,7.2967,10.7703
airland9,100,5611.7,0,a-Ni-Im-Ms-,-1,-1,-1,-1,0.95,80,200,30,2,55,6231.75,6231.75,11.0492,8.6196,10.3237
airland9,100,5611.7,1,a-Ni-Im-Ms+,-1,-1,-1,1,0.95,80,200,180,1,42,6677.79,6677.79,18.9976,9.8607,9.9299
airland9,100,5611.7,1,a-Ni-Im-Ms+,-1,-1,-1,1,0.95,80,200,180,2,55,6541.48,6541.48,16.5686,10.2384,10.2783
airland9,100,5611.7,2,a-Ni-Im+Ms-,-1,-1,1,-1,0.95,80,1200,30,1,42,5985.59,5985.59,6.6627,4.7194,6.7454
airland9,100,5611.7,2,a-Ni-Im+Ms-,-1,-1,1,-1,0.95,80,1200,30,2,55,6231.75,6231.75,11.0492,9.4926,11.1615
airland9,100,5611.7,3,a-Ni-Im+Ms+,-1,-1,1,1,0.95,80,1200,180,1,42,5680.86,5680.86,1.2324,21.8756,40.4799
airland9,100,5611.7,3,a-Ni-Im+Ms+,-1,-1,1,1,0.95,80,1200,180,2,55,5611.7,5611.7,0.0,44.2791,49.1513
airland9,100,5611.7,4,a-Ni+Im-Ms-,-1,1,-1,-1,0.95,400,200,30,1,42,5653.99,5653.99,0.7536,33.9735,38.1192
airland9,100,5611.7,4,a-Ni+Im-Ms-,-1,1,-1,-1,0.95,400,200,30,2,55,5611.7,5611.7,0.0,36.2487,36.479
airland9,100,5611.7,5,a-Ni+Im-Ms+,-1,1,-1,1,0.95,400,200,180,1,42,5618.66,5618.66,0.124,25.7645,37.3224
airland9,100,5611.7,5,a-Ni+Im-Ms+,-1,1,-1,1,0.95,400,200,180,2,55,5948.1,5948.1,5.9946,43.866,44.5067
airland9,100,5611.7,6,a-Ni+Im+Ms-,-1,1,1,-1,0.95,400,1200,30,1,42,5653.99,5653.99,0.7536,31.8262,36.6328
airland9,100,5611.7,6,a-Ni+Im+Ms-,-1,1,1,-1,0.95,400,1200,30,2,55,5611.7,5611.7,0.0,46.691,50.8094
airland9,100,5611.7,7,a-Ni+Im+Ms+,-1,1,1,1,0.95,400,1200,180,1,42,5618.66,5618.66,0.124,24.2215,97.7111
airland9,100,5611.7,7,a-Ni+Im+Ms+,-1,1,1,1,0.95,400,1200,180,2,55,5618.95,5618.95,0.1292,66.6774,137.2014
airland9,100,5611.7,8,a+Ni-Im-Ms-,1,-1,-1,-1,0.995,80,200,30,1,42,6975.52,6975.52,24.3032,2.7687,4.0253
airland9,100,5611.7,8,a+Ni-Im-Ms-,1,-1,-1,-1,0.995,80,200,30,2,55,6445.87,6445.87,14.8648,8.5187,10.2459
airland9,100,5611.7,9,a+Ni-Im-Ms+,1,-1,-1,1,0.995,80,200,180,1,42,6677.79,6677.79,18.9976,10.099,10.1946
airland9,100,5611.7,9,a+Ni-Im-Ms+,1,-1,-1,1,0.995,80,200,180,2,55,6977.22,6977.22,24.3334,10.1323,10.4741
airland9,100,5611.7,10,a+Ni-Im+Ms-,1,-1,1,-1,0.995,80,1200,30,1,42,6975.52,6975.52,24.3032,4.9168,6.7131
airland9,100,5611.7,10,a+Ni-Im+Ms-,1,-1,1,-1,0.995,80,1200,30,2,55,6445.87,6445.87,14.8648,9.5351,11.1996
airland9,100,5611.7,11,a+Ni-Im+Ms+,1,-1,1,1,0.995,80,1200,180,1,42,5680.86,5680.86,1.2324,21.8578,40.1579
airland9,100,5611.7,11,a+Ni-Im+Ms+,1,-1,1,1,0.995,80,1200,180,2,55,5611.7,5611.7,0.0,45.3197,50.1349
airland9,100,5611.7,12,a+Ni+Im-Ms-,1,1,-1,-1,0.995,400,200,30,1,42,5680.86,5680.86,1.2324,30.9808,38.8035
airland9,100,5611.7,12,a+Ni+Im-Ms-,1,1,-1,-1,0.995,400,200,30,2,55,5618.66,5618.66,0.124,35.1476,42.2454
airland9,100,5611.7,13,a+Ni+Im-Ms+,1,1,-1,1,0.995,400,200,180,1,42,5635.23,5635.23,0.4193,40.8065,44.288
airland9,100,5611.7,13,a+Ni+Im-Ms+,1,1,-1,1,0.995,400,200,180,2,55,5618.66,5618.66,0.124,31.9688,42.4623
airland9,100,5611.7,14,a+Ni+Im+Ms-,1,1,1,-1,0.995,400,1200,30,1,42,5680.86,5680.86,1.2324,18.5289,23.4342
airland9,100,5611.7,14,a+Ni+Im+Ms-,1,1,1,-1,0.995,400,1200,30,2,55,5618.66,5618.66,0.124,30.6672,35.1582
airland9,100,5611.7,15,a+Ni+Im+Ms+,1,1,1,1,0.995,400,1200,180,1,42,5611.99,5611.99,0.0052,43.3042,113.978
airland9,100,5611.7,15,a+Ni+Im+Ms+,1,1,1,1,0.995,400,1200,180,2,55,5611.7,5611.7,0.0,88.0945,111.4886
airland9,100,5611.7,16,CENTER,0,0,0,0,0.98,200,600,100,1,42,5618.95,5618.95,0.1292,32.5007,44.2336
airland9,100,5611.7,16,CENTER,0,0,0,0,0.98,200,600,100,2,55,5611.7,5611.7,0.0,33.6069,44.1193
airland10,150,12640.42,0,a-Ni-Im-Ms-,-1,-1,-1,-1,0.95,80,200,30,1,42,14627.62,14627.62,15.721,11.5023,11.6539
airland10,150,12640.42,0,a-Ni-Im-Ms-,-1,-1,-1,-1,0.95,80,200,30,2,55,15017.21,15017.21,18.8031,9.8322,10.2872
airland10,150,12640.42,1,a-Ni-Im-Ms+,-1,-1,-1,1,0.95,80,200,180,1,42,15569.91,15569.91,23.1756,6.6502,6.675
airland10,150,12640.42,1,a-Ni-Im-Ms+,-1,-1,-1,1,0.95,80,200,180,2,55,17221.56,17221.56,36.242,6.6623,6.7275
airland10,150,12640.42,2,a-Ni-Im+Ms-,-1,-1,1,-1,0.95,80,1200,30,1,42,13648.35,13648.35,7.9739,15.7302,16.7053
airland10,150,12640.42,2,a-Ni-Im+Ms-,-1,-1,1,-1,0.95,80,1200,30,2,55,12720.36,12720.36,0.6324,17.0407,19.1606
airland10,150,12640.42,3,a-Ni-Im+Ms+,-1,-1,1,1,0.95,80,1200,180,1,42,12464.78,12464.78,-1.3895,45.0569,52.2478
airland10,150,12640.42,3,a-Ni-Im+Ms+,-1,-1,1,1,0.95,80,1200,180,2,55,12412.94,12412.94,-1.7996,34.9798,45.6783
airland10,150,12640.42,4,a-Ni+Im-Ms-,-1,1,-1,-1,0.95,400,200,30,1,42,12786.9,12786.9,1.1588,58.2237,58.364
airland10,150,12640.42,4,a-Ni+Im-Ms-,-1,1,-1,-1,0.95,400,200,30,2,55,12793.11,12793.11,1.208,37.8542,38.4987
airland10,150,12640.42,5,a-Ni+Im-Ms+,-1,1,-1,1,0.95,400,200,180,1,42,14255.81,14255.81,12.7796,34.8916,35.2496
airland10,150,12640.42,5,a-Ni+Im-Ms+,-1,1,-1,1,0.95,400,200,180,2,55,14429.33,14429.33,14.1523,39.5258,40.7343
airland10,150,12640.42,6,a-Ni+Im+Ms-,-1,1,1,-1,0.95,400,1200,30,1,42,12786.9,12786.9,1.1588,41.2797,47.563
airland10,150,12640.42,6,a-Ni+Im+Ms-,-1,1,1,-1,0.95,400,1200,30,2,55,12338.03,12338.03,-2.3922,86.1802,91.1689
airland10,150,12640.42,7,a-Ni+Im+Ms+,-1,1,1,1,0.95,400,1200,180,1,42,12502.74,12502.74,-1.0892,140.1838,179.8804
airland10,150,12640.42,7,a-Ni+Im+Ms+,-1,1,1,1,0.95,400,1200,180,2,55,12292.2,12292.2,-2.7548,95.3916,175.6207
airland10,150,12640.42,8,a+Ni-Im-Ms-,1,-1,-1,-1,0.995,80,200,30,1,42,16295.16,16295.16,28.9131,7.8926,9.139
airland10,150,12640.42,8,a+Ni-Im-Ms-,1,-1,-1,-1,0.995,80,200,30,2,55,15277.09,15277.09,20.859,8.1803,8.4996
airland10,150,12640.42,9,a+Ni-Im-Ms+,1,-1,-1,1,0.995,80,200,180,1,42,17855.05,17855.05,41.2536,6.7677,6.8227
airland10,150,12640.42,9,a+Ni-Im-Ms+,1,-1,-1,1,0.995,80,200,180,2,55,20142.41,20142.41,59.3492,0.0,3.4968
airland10,150,12640.42,10,a+Ni-Im+Ms-,1,-1,1,-1,0.995,80,1200,30,1,42,16295.16,16295.16,28.9131,7.0761,8.0613
airland10,150,12640.42,10,a+Ni-Im+Ms-,1,-1,1,-1,0.995,80,1200,30,2,55,15277.09,15277.09,20.859,8.0222,8.9883
airland10,150,12640.42,11,a+Ni-Im+Ms+,1,-1,1,1,0.995,80,1200,180,1,42,12464.78,12464.78,-1.3895,43.9032,51.1041
airland10,150,12640.42,11,a+Ni-Im+Ms+,1,-1,1,1,0.995,80,1200,180,2,55,20142.41,20142.41,59.3492,0.0,2.8826
airland10,150,12640.42,12,a+Ni+Im-Ms-,1,1,-1,-1,0.995,400,200,30,1,42,12746.09,12746.09,0.836,37.3705,37.4422
airland10,150,12640.42,12,a+Ni+Im-Ms-,1,1,-1,-1,0.995,400,200,30,2,55,12612.91,12612.91,-0.2176,35.0541,36.2467
airland10,150,12640.42,13,a+Ni+Im-Ms+,1,1,-1,1,0.995,400,200,180,1,42,13077.23,13077.23,3.4557,35.7525,37.1917
airland10,150,12640.42,13,a+Ni+Im-Ms+,1,1,-1,1,0.995,400,200,180,2,55,13384.37,13384.37,5.8855,43.1481,43.9951
airland10,150,12640.42,14,a+Ni+Im+Ms-,1,1,1,-1,0.995,400,1200,30,1,42,12686.27,12686.27,0.3627,46.1464,51.3418
airland10,150,12640.42,14,a+Ni+Im+Ms-,1,1,1,-1,0.995,400,1200,30,2,55,12366.65,12366.65,-2.1658,49.6592,54.4646
airland10,150,12640.42,15,a+Ni+Im+Ms+,1,1,1,1,0.995,400,1200,180,1,42,12383.31,12383.31,-2.034,97.6849,148.849
airland10,150,12640.42,15,a+Ni+Im+Ms+,1,1,1,1,0.995,400,1200,180,2,55,12309.64,12309.64,-2.6168,70.6665,148.686
airland10,150,12640.42,16,CENTER,0,0,0,0,0.98,200,600,100,1,42,13230.23,13230.23,4.6661,49.5778,50.2816
airland10,150,12640.42,16,CENTER,0,0,0,0,0.98,200,600,100,2,55,12347.51,12347.51,-2.3172,45.2994,50.6412
airland11,200,12462.18,0,a-Ni-Im-Ms-,-1,-1,-1,-1,0.95,80,200,30,1,42,14157.11,14157.11,13.6006,9.2346,10.9401
airland11,200,12462.18,0,a-Ni-Im-Ms-,-1,-1,-1,-1,0.95,80,200,30,2,55,14410.01,14410.01,15.6299,4.6554,6.0907
airland11,200,12462.18,1,a-Ni-Im-Ms+,-1,-1,-1,1,0.95,80,200,180,1,42,14677.67,14677.67,17.7777,8.293,8.4546
airland11,200,12462.18,1,a-Ni-Im-Ms+,-1,-1,-1,1,0.95,80,200,180,2,55,15018.84,15018.84,20.5154,0.0,3.5994
airland11,200,12462.18,2,a-Ni-Im+Ms-,-1,-1,1,-1,0.95,80,1200,30,1,42,14157.11,14157.11,13.6006,7.7139,9.1116
airland11,200,12462.18,2,a-Ni-Im+Ms-,-1,-1,1,-1,0.95,80,1200,30,2,55,14410.01,14410.01,15.6299,7.5827,9.845
airland11,200,12462.18,3,a-Ni-Im+Ms+,-1,-1,1,1,0.95,80,1200,180,1,42,12588.57,12588.57,1.0142,57.4567,57.6999
airland11,200,12462.18,3,a-Ni-Im+Ms+,-1,-1,1,1,0.95,80,1200,180,2,55,15018.84,15018.84,20.5154,0.0,3.822
airland11,200,12462.18,4,a-Ni+Im-Ms-,-1,1,-1,-1,0.95,400,200,30,1,42,13011.3,13011.3,4.4063,58.7116,60.4185
airland11,200,12462.18,4,a-Ni+Im-Ms-,-1,1,-1,-1,0.95,400,200,30,2,55,12886.16,12886.16,3.4021,70.6508,71.2603
airland11,200,12462.18,5,a-Ni+Im-Ms+,-1,1,-1,1,0.95,400,200,180,1,42,13858.58,13858.58,11.2051,39.7441,40.5937
airland11,200,12462.18,5,a-Ni+Im-Ms+,-1,1,-1,1,0.95,400,200,180,2,55,14313.4,14313.4,14.8547,38.8843,39.3036
airland11,200,12462.18,6,a-Ni+Im+Ms-,-1,1,1,-1,0.95,400,1200,30,1,42,12638.49,12638.49,1.4148,83.2806,89.7904
airland11,200,12462.18,6,a-Ni+Im+Ms-,-1,1,1,-1,0.95,400,1200,30,2,55,12617.04,12617.04,1.2426,83.1479,89.6908
airland11,200,12462.18,7,a-Ni+Im+Ms+,-1,1,1,1,0.95,400,1200,180,1,42,12429.98,12429.98,-0.2584,156.4696,179.7907
airland11,200,12462.18,7,a-Ni+Im+Ms+,-1,1,1,1,0.95,400,1200,180,2,55,12756.39,12756.39,2.3608,161.1691,179.866
airland11,200,12462.18,8,a+Ni-Im-Ms-,1,-1,-1,-1,0.995,80,200,30,1,42,15018.84,15018.84,20.5154,0.0,3.6564
airland11,200,12462.18,8,a+Ni-Im-Ms-,1,-1,-1,-1,0.995,80,200,30,2,55,14632.21,14632.21,17.4129,7.5705,9.8445
airland11,200,12462.18,9,a+Ni-Im-Ms+,1,-1,-1,1,0.995,80,200,180,1,42,14677.67,14677.67,17.7777,7.767,7.8912
airland11,200,12462.18,9,a+Ni-Im-Ms+,1,-1,-1,1,0.995,80,200,180,2,55,15018.84,15018.84,20.5154,0.0,2.8162
airland11,200,12462.18,10,a+Ni-Im+Ms-,1,-1,1,-1,0.995,80,1200,30,1,42,15018.84,15018.84,20.5154,0.0,4.6244
airland11,200,12462.18,10,a+Ni-Im+Ms-,1,-1,1,-1,0.995,80,1200,30,2,55,14632.21,14632.21,17.4129,5.2684,6.6949
airland11,200,12462.18,11,a+Ni-Im+Ms+,1,-1,1,1,0.995,80,1200,180,1,42,12575.71,12575.71,0.911,84.1068,84.3211
airland11,200,12462.18,11,a+Ni-Im+Ms+,1,-1,1,1,0.995,80,1200,180,2,55,15018.84,15018.84,20.5154,0.0,4.3709
airland11,200,12462.18,12,a+Ni+Im-Ms-,1,1,-1,-1,0.995,400,200,30,1,42,13176.28,13176.28,5.7301,38.3883,44.0248
airland11,200,12462.18,12,a+Ni+Im-Ms-,1,1,-1,-1,0.995,400,200,30,2,55,13446.25,13446.25,7.8965,45.4162,45.7594
airland11,200,12462.18,13,a+Ni+Im-Ms+,1,1,-1,1,0.995,400,200,180,1,42,13858.58,13858.58,11.2051,42.6977,43.9661
airland11,200,12462.18,13,a+Ni+Im-Ms+,1,1,-1,1,0.995,400,200,180,2,55,14313.4,14313.4,14.8547,39.8759,40.1976
airland11,200,12462.18,14,a+Ni+Im+Ms-,1,1,1,-1,0.995,400,1200,30,1,42,13176.28,13176.28,5.7301,41.6484,49.5862
airland11,200,12462.18,14,a+Ni+Im+Ms-,1,1,1,-1,0.995,400,1200,30,2,55,13231.53,13231.53,6.1735,60.6559,66.653
airland11,200,12462.18,15,a+Ni+Im+Ms+,1,1,1,1,0.995,400,1200,180,1,42,12424.72,12424.72,-0.3006,155.2767,179.6172
airland11,200,12462.18,15,a+Ni+Im+Ms+,1,1,1,1,0.995,400,1200,180,2,55,12756.39,12756.39,2.3608,153.0336,179.6601
airland11,200,12462.18,16,CENTER,0,0,0,0,0.98,200,600,100,1,42,12571.25,12571.25,0.8752,54.3544,64.2822
airland11,200,12462.18,16,CENTER,0,0,0,0,0.98,200,600,100,2,55,12916.36,12916.36,3.6445,55.8311,63.0969
airland12,250,16629.1,0,a-Ni-Im-Ms-,-1,-1,-1,-1,0.95,80,200,30,1,42,19964.72,19964.72,20.0589,3.2553,4.6782
airland12,250,16629.1,0,a-Ni-Im-Ms-,-1,-1,-1,-1,0.95,80,200,30,2,55,19636.11,19636.11,18.0828,3.3167,6.2597
airland12,250,16629.1,1,a-Ni-Im-Ms+,-1,-1,-1,1,0.95,80,200,180,1,42,19732.51,19732.51,18.6625,8.29,8.8142
airland12,250,16629.1,1,a-Ni-Im-Ms+,-1,-1,-1,1,0.95,80,200,180,2,55,20023.82,20023.82,20.4143,8.1419,8.3741
airland12,250,16629.1,2,a-Ni-Im+Ms-,-1,-1,1,-1,0.95,80,1200,30,1,42,19964.72,19964.72,20.0589,3.262,4.7262
airland12,250,16629.1,2,a-Ni-Im+Ms-,-1,-1,1,-1,0.95,80,1200,30,2,55,19636.11,19636.11,18.0828,3.3116,6.2526
airland12,250,16629.1,3,a-Ni-Im+Ms+,-1,-1,1,1,0.95,80,1200,180,1,42,16623.77,16623.77,-0.0321,64.7343,66.2589
airland12,250,16629.1,3,a-Ni-Im+Ms+,-1,-1,1,1,0.95,80,1200,180,2,55,17070.76,17070.76,2.6559,66.1191,67.4598
airland12,250,16629.1,4,a-Ni+Im-Ms-,-1,1,-1,-1,0.95,400,200,30,1,42,16807.94,16807.94,1.0755,51.2749,55.7124
airland12,250,16629.1,4,a-Ni+Im-Ms-,-1,1,-1,-1,0.95,400,200,30,2,55,17418.5,17418.5,4.7471,53.1192,53.4834
airland12,250,16629.1,5,a-Ni+Im-Ms+,-1,1,-1,1,0.95,400,200,180,1,42,19353.62,19353.62,16.384,39.8429,40.4068
airland12,250,16629.1,5,a-Ni+Im-Ms+,-1,1,-1,1,0.95,400,200,180,2,55,19353.69,19353.69,16.3845,39.9268,40.6449
airland12,250,16629.1,6,a-Ni+Im+Ms-,-1,1,1,-1,0.95,400,1200,30,1,42,16681.42,16681.42,0.3146,72.7858,79.9007
airland12,250,16629.1,6,a-Ni+Im+Ms-,-1,1,1,-1,0.95,400,1200,30,2,55,16628.98,16628.98,-0.0007,96.4403,103.414
airland12,250,16629.1,7,a-Ni+Im+Ms+,-1,1,1,1,0.95,400,1200,180,1,42,16490.17,16490.17,-0.8355,177.0132,179.7687
airland12,250,16629.1,7,a-Ni+Im+Ms+,-1,1,1,1,0.95,400,1200,180,2,55,16513.34,16513.34,-0.6961,174.0892,179.7292
airland12,250,16629.1,8,a+Ni-Im-Ms-,1,-1,-1,-1,0.995,80,200,30,1,42,20140.91,20140.91,21.1185,3.1425,4.5488
airland12,250,16629.1,8,a+Ni-Im-Ms-,1,-1,-1,-1,0.995,80,200,30,2,55,20090.35,20090.35,20.8144,2.8244,4.2351
airland12,250,16629.1,9,a+Ni-Im-Ms+,1,-1,-1,1,0.995,80,200,180,1,42,19732.51,19732.51,18.6625,7.6157,8.1021
airland12,250,16629.1,9,a+Ni-Im-Ms+,1,-1,-1,1,0.995,80,200,180,2,55,20019.74,20019.74,20.3898,7.8822,8.1022
airland12,250,16629.1,10,a+Ni-Im+Ms-,1,-1,1,-1,0.995,80,1200,30,1,42,20140.91,20140.91,21.1185,3.1359,4.561
airland12,250,16629.1,10,a+Ni-Im+Ms-,1,-1,1,-1,0.995,80,1200,30,2,55,20090.35,20090.35,20.8144,2.7527,4.1511
airland12,250,16629.1,11,a+Ni-Im+Ms+,1,-1,1,1,0.995,80,1200,180,1,42,16472.86,16472.86,-0.9396,62.9317,63.9691
airland12,250,16629.1,11,a+Ni-Im+Ms+,1,-1,1,1,0.995,80,1200,180,2,55,16896.94,16896.94,1.6107,64.8106,66.1116
airland12,250,16629.1,12,a+Ni+Im-Ms-,1,1,-1,-1,0.995,400,200,30,1,42,18739.08,18739.08,12.6885,22.9452,29.8665
airland12,250,16629.1,12,a+Ni+Im-Ms-,1,1,-1,-1,0.995,400,200,30,2,55,18873.17,18873.17,13.4948,29.187,35.999
airland12,250,16629.1,13,a+Ni+Im-Ms+,1,1,-1,1,0.995,400,200,180,1,42,19353.62,19353.62,16.384,39.3886,39.9095
airland12,250,16629.1,13,a+Ni+Im-Ms+,1,1,-1,1,0.995,400,200,180,2,55,19353.69,19353.69,16.3845,38.44,39.0798
airland12,250,16629.1,14,a+Ni+Im+Ms-,1,1,1,-1,0.995,400,1200,30,1,42,18739.08,18739.08,12.6885,22.947,29.8807
airland12,250,16629.1,14,a+Ni+Im+Ms-,1,1,1,-1,0.995,400,1200,30,2,55,18873.17,18873.17,13.4948,29.1248,35.9678
airland12,250,16629.1,15,a+Ni+Im+Ms+,1,1,1,1,0.995,400,1200,180,1,42,16490.17,16490.17,-0.8355,161.0342,179.7686
airland12,250,16629.1,15,a+Ni+Im+Ms+,1,1,1,1,0.995,400,1200,180,2,55,16440.7,16440.7,-1.133,177.9043,179.8338
airland12,250,16629.1,16,CENTER,0,0,0,0,0.98,200,600,100,1,42,16621.73,16621.73,-0.0443,71.8474,72.6094
airland12,250,16629.1,16,CENTER,0,0,0,0,0.98,200,600,100,2,55,19728.19,19728.19,18.6365,9.3609,9.4503
airland13,500,39287.52,0,a-Ni-Im-Ms-,-1,-1,-1,-1,0.95,80,200,30,1,42,44619.49,44619.49,13.5717,35.3418,36.5612
airland13,500,39287.52,0,a-Ni-Im-Ms-,-1,-1,-1,-1,0.95,80,200,30,2,55,47034.11,47034.11,19.7177,3.5091,8.1874
airland13,500,39287.52,1,a-Ni-Im-Ms+,-1,-1,-1,1,0.95,80,200,180,1,42,46717.45,46717.45,18.9117,17.1444,17.3998
airland13,500,39287.52,1,a-Ni-Im-Ms+,-1,-1,-1,1,0.95,80,200,180,2,55,47116.73,47116.73,19.928,0.0,13.5043
airland13,500,39287.52,2,a-Ni-Im+Ms-,-1,-1,1,-1,0.95,80,1200,30,1,42,44619.49,44619.49,13.5717,35.2485,37.2428
airland13,500,39287.52,2,a-Ni-Im+Ms-,-1,-1,1,-1,0.95,80,1200,30,2,55,47034.11,47034.11,19.7177,3.4545,8.14
airland13,500,39287.52,3,a-Ni-Im+Ms+,-1,-1,1,1,0.95,80,1200,180,1,42,41667.86,41667.86,6.0588,162.1999,162.2423
airland13,500,39287.52,3,a-Ni-Im+Ms+,-1,-1,1,1,0.95,80,1200,180,2,55,46093.85,46093.85,17.3244,32.712,44.8749
airland13,500,39287.52,4,a-Ni+Im-Ms-,-1,1,-1,-1,0.95,400,200,30,1,42,42517.86,42517.86,8.2223,120.083,121.7175
airland13,500,39287.52,4,a-Ni+Im-Ms-,-1,1,-1,-1,0.95,400,200,30,2,55,40957.83,40957.83,4.2515,134.9589,136.8701
airland13,500,39287.52,5,a-Ni+Im-Ms+,-1,1,-1,1,0.95,400,200,180,1,42,47116.73,47116.73,19.928,0.0,28.7429
airland13,500,39287.52,5,a-Ni+Im-Ms+,-1,1,-1,1,0.95,400,200,180,2,55,46460.97,46460.97,18.2589,63.5481,65.2653
airland13,500,39287.52,6,a-Ni+Im+Ms-,-1,1,1,-1,0.95,400,1200,30,1,42,41067.28,41067.28,4.5301,172.2227,178.6704
airland13,500,39287.52,6,a-Ni+Im+Ms-,-1,1,1,-1,0.95,400,1200,30,2,55,40376.52,40376.52,2.7719,176.5483,178.4014
airland13,500,39287.52,7,a-Ni+Im+Ms+,-1,1,1,1,0.95,400,1200,180,1,42,47116.73,47116.73,19.928,0.0,28.7486
airland13,500,39287.52,7,a-Ni+Im+Ms+,-1,1,1,1,0.95,400,1200,180,2,55,42103.95,42103.95,7.1688,178.8426,179.135
airland13,500,39287.52,8,a+Ni-Im-Ms-,1,-1,-1,-1,0.995,80,200,30,1,42,46382.83,46382.83,18.06,12.1381,14.4426
airland13,500,39287.52,8,a+Ni-Im-Ms-,1,-1,-1,-1,0.995,80,200,30,2,55,47034.11,47034.11,19.7177,3.4175,8.044
airland13,500,39287.52,9,a+Ni-Im-Ms+,1,-1,-1,1,0.995,80,200,180,1,42,46282.13,46282.13,17.8036,15.9002,17.1321
airland13,500,39287.52,9,a+Ni-Im-Ms+,1,-1,-1,1,0.995,80,200,180,2,55,47099.82,47099.82,19.8849,14.0287,14.4986
airland13,500,39287.52,10,a+Ni-Im+Ms-,1,-1,1,-1,0.995,80,1200,30,1,42,46382.83,46382.83,18.06,12.1914,14.5115
airland13,500,39287.52,10,a+Ni-Im+Ms-,1,-1,1,-1,0.995,80,1200,30,2,55,47034.11,47034.11,19.7177,3.4412,8.0565
airland13,500,39287.52,11,a+Ni-Im+Ms+,1,-1,1,1,0.995,80,1200,180,1,42,42833.46,42833.46,9.0256,136.9963,139.9786
airland13,500,39287.52,11,a+Ni-Im+Ms+,1,-1,1,1,0.995,80,1200,180,2,55,45821.33,45821.33,16.6308,35.3769,47.4263
airland13,500,39287.52,12,a+Ni+Im-Ms-,1,1,-1,-1,0.995,400,200,30,1,42,43369.84,43369.84,10.3909,104.5869,107.4984
airland13,500,39287.52,12,a+Ni+Im-Ms-,1,1,-1,-1,0.995,400,200,30,2,55,43804.88,43804.88,11.4982,103.874,106.7439
airland13,500,39287.52,13,a+Ni+Im-Ms+,1,1,-1,1,0.995,400,200,180,1,42,47116.73,47116.73,19.928,0.0,27.0888
airland13,500,39287.52,13,a+Ni+Im-Ms+,1,1,-1,1,0.995,400,200,180,2,55,46460.97,46460.97,18.2589,58.777,60.3913
airland13,500,39287.52,14,a+Ni+Im+Ms-,1,1,1,-1,0.995,400,1200,30,1,42,41959.12,41959.12,6.8001,178.6387,178.701
airland13,500,39287.52,14,a+Ni+Im+Ms-,1,1,1,-1,0.995,400,1200,30,2,55,43237.27,43237.27,10.0534,118.5368,129.0116
airland13,500,39287.52,15,a+Ni+Im+Ms+,1,1,1,1,0.995,400,1200,180,1,42,47116.73,47116.73,19.928,0.0,26.9544
airland13,500,39287.52,15,a+Ni+Im+Ms+,1,1,1,1,0.995,400,1200,180,2,55,42085.53,42085.53,7.1219,179.602,179.9925
airland13,500,39287.52,16,CENTER,0,0,0,0,0.98,200,600,100,1,42,41389.44,41389.44,5.3501,178.4252,178.5031
airland13,500,39287.52,16,CENTER,0,0,0,0,0.98,200,600,100,2,55,40994.37,40994.37,4.3445,169.7413,171.2267
