instance,m,n,seed_lp,exact_sa_lp,bks,gap_pct,feasible,wall_s,seed,t_best_s,t_limit
airland1,2,10,90.0,90.0,90.0,0.0,True,60.1,0,0.0,60.0
airland2,2,15,210.0,210.0,210.0,0.0,True,60.1,0,0.0,60.0
airland3,2,20,60.0,60.0,60.0,0.0,True,60.1,0,0.0,60.0
airland4,2,20,640.0,640.0,640.0,0.0,True,60.1,0,0.0,60.0
airland4,3,20,130.0,130.0,130.0,0.0,True,60.1,0,0.0,60.0
airland5,2,20,650.0,650.0,650.0,0.0,True,60.1,0,0.0,60.0
airland5,3,20,200.0,170.0,170.0,0.0,True,60.1,0,5.2,60.0
airland6,2,30,701.0,554.0,554.0,0.0,True,60.1,0,3.7,60.0
airland8,2,50,135.0,135.0,135.0,0.0,True,60.1,0,0.0,60.0
airland9,2,100,481.71,444.09999999999997,444.1,-1.2799689002658864e-14,True,300.1,0,44.1,300.0
airland9,3,100,89.03,75.75,75.75,0.0,True,300.1,0,43.1,300.0
airland10,2,150,1253.86,1143.6999999999998,1143.7,-1.988053470693644e-14,True,300.1,0,52.1,300.0
airland10,3,150,258.46000000000004,205.21,205.21,0.0,True,300.1,0,54.0,300.0
airland10,4,150,34.22,34.22,34.22,0.0,True,300.1,0,0.0,300.0
airland11,2,200,1481.8799999999994,1330.9099999999996,1330.91,-3.416815193262235e-14,True,300.1,0,49.9,300.0
airland11,3,200,316.07,253.07000000000002,253.07,1.1230769917573797e-14,True,300.1,0,46.7,300.0
airland11,4,200,54.53,54.53,54.53,0.0,True,300.1,0,0.0,300.0
airland12,2,250,2067.3900000000003,1695.6200000000003,1695.62,2.6818942386057263e-14,True,300.1,0,60.2,300.0
airland12,3,250,271.6,221.97,221.97,0.0,True,300.1,0,197.1,300.0
airland12,4,250,3.49,2.44,2.44,0.0,True,300.1,0,54.5,300.0
airland13,2,500,4659.5999999999985,3920.3900000000003,3920.39,1.1599543690461003e-14,True,600.1,0,589.7,600.0
airland13,3,500,878.17,673.8500000000001,673.85,1.687123806805907e-14,True,600.1,0,431.0,600.0
airland13,4,500,154.56,89.95,89.95,0.0,True,600.2,0,114.6,600.0
airland1,2,10,90.0,90.0,90.0,0.0,True,60.1,1000,0.0,60.0
airland2,2,15,210.0,210.0,210.0,0.0,True,60.1,1000,0.0,60.0
airland3,2,20,60.0,60.0,60.0,0.0,True,60.1,1000,0.0,60.0
airland4,2,20,640.0,640.0,640.0,0.0,True,60.1,1000,0.0,60.0
airland4,3,20,130.0,130.0,130.0,0.0,True,60.1,1000,0.0,60.0
airland5,2,20,650.0,650.0,650.0,0.0,True,60.1,1000,0.0,60.0
airland5,3,20,200.0,170.0,170.0,0.0,True,60.1,1000,5.5,60.0
airland6,2,30,688.0,554.0,554.0,0.0,True,60.1,1000,3.1,60.0
airland8,2,50,135.0,135.0,135.0,0.0,True,60.1,1000,0.0,60.0
